{"stats":{"minecraft:mined":{"minecraft:furnace":1,"minecraft:fire":31,"minecraft:birch_leaves":4,"minecraft:crafting_table":2,"minecraft:oak_log":17,"minecraft:grass_block":3,"minecraft:coal_ore":4,"minecraft:dirt":11,"minecraft:stone":35,"minecraft:oak_leaves":14,"minecraft:wall_torch":2},"minecraft:crafted":{"minecraft:oak_planks":24,"minecraft:stone_shovel":1,"minecraft:crafting_table":1,"minecraft:stick":12,"minecraft:wooden_pickaxe":1,"minecraft:stone_pickaxe":1,"minecraft:furnace":1,"minecraft:torch":8,"minecraft:stone_axe":1},"minecraft:picked_up":{"minecraft:crafting_table":2,"minecraft:torch":2,"minecraft:oak_log":16,"minecraft:dirt":14,"minecraft:coal":4,"minecraft:cobblestone":35,"minecraft:furnace":1},"minecraft:custom":{"minecraft:time_since_rest":15237,"minecraft:interact_with_furnace":1,"minecraft:sprint_one_cm":18627,"minecraft:damage_taken":150,"minecraft:walk_one_cm":42124,"minecraft:swim_one_cm":3862,"minecraft:interact_with_crafting_table":10,"minecraft:fly_one_cm":29396,"minecraft:crouch_one_cm":7071,"minecraft:play_time":15237,"minecraft:sneak_time":2224,"minecraft:walk_under_water_one_cm":78,"minecraft:jump":219,"minecraft:leave_game":2,"minecraft:walk_on_water_one_cm":761,"minecraft:time_since_death":15237,"minecraft:total_world_time":15237,"minecraft:fall_one_cm":7613},"minecraft:used":{"minecraft:stone_shovel":12,"minecraft:stone_pickaxe":26,"minecraft:wooden_pickaxe":14,"minecraft:torch":4,"minecraft:stone_axe":16,"minecraft:dirt":1,"minecraft:crafting_table":3,"minecraft:furnace":2}},"DataVersion":3465}