{"stats":{"minecraft:killed_by":{"hmag:zombie_girl":2,"hmag:hornet":2,"minecraft:skeleton":1,"minecraft:zombie":3},"minecraft:mined":{"minecraft:cherry_log":8,"minecraft:cobblestone_stairs":28,"minecraft:grass_block":405,"minecraft:furnace":6,"minecraft:iron_ore":15,"minecraft:fire":42,"minecraft:andesite":7,"minecraft:potatoes":13,"minecraft:cobblestone_slab":6,"minecraft:stone":189,"minecraft:cherry_fence_gate":3,"minecraft:cherry_planks":5,"minecraft:dandelion":3,"minecraft:crafting_table":6,"minecraft:torch":20,"minecraft:chest":3,"minecraft:tall_grass":1,"minecraft:copper_ore":6,"minecraft:cobblestone":52,"minecraft:oak_planks":22,"minecraft:wall_torch":4,"minecraft:pink_petals":110,"minecraft:birch_log":26,"minecraft:wheat":16,"minecraft:birch_leaves":18,"minecraft:yellow_bed":5,"minecraft:grass":53,"minecraft:oak_log":165,"minecraft:coal_ore":51,"minecraft:cherry_leaves":29,"minecraft:gravel":2,"minecraft:sand":8,"minecraft:dirt":71,"minecraft:stone_bricks":18,"minecraft:oak_leaves":98},"minecraft:picked_up":{"minecraft:charcoal":16,"minecraft:crafting_table":9,"minecraft:iron_chestplate":4,"minecraft:wheat":15,"minecraft:chicken":1,"minecraft:suspicious_stew":2,"minecraft:lead":4,"minecraft:oak_stairs":1,"minecraft:gold_block":1,"minecraft:brewing_stand":1,"minecraft:shield":2,"minecraft:string":2,"minecraft:raw_copper":40,"minecraft:iron_axe":7,"minecraft:flint_and_steel":1,"minecraft:iron_shovel":3,"minecraft:cobbled_deepslate":64,"minecraft:gold_nugget":5,"minecraft:bucket":1,"minecraft:beef":4,"minecraft:oak_boat":1,"minecraft:redstone_torch":5,"minecraft:cobblestone_slab":8,"minecraft:poppy":1,"minecraft:iron_pickaxe":8,"hmag:golden_tropical_fish":2,"minecraft:chest":4,"minecraft:birch_sapling":10,"minecraft:furnace":7,"minecraft:egg":1,"minecraft:stick":155,"minecraft:raw_iron":20,"minecraft:stone":42,"minecraft:oak_fence":1,"minecraft:torch":234,"minecraft:bowl":1,"minecraft:porkchop":11,"minecraft:cherry_log":62,"minecraft:diorite":3,"minecraft:cherry_fence_gate":3,"minecraft:arrow":14,"minecraft:honey_bottle":1,"minecraft:rotten_flesh":28,"minecraft:mutton":5,"minecraft:white_wool":2,"minecraft:cobblestone":375,"minecraft:birch_log":33,"minecraft:pink_petals":569,"minecraft:leather_chestplate":2,"minecraft:feather":5,"minecraft:cooked_beef":8,"minecraft:cherry_planks":45,"minecraft:andesite":20,"minecraft:salmon":1,"minecraft:leather":23,"minecraft:potato":49,"minecraft:flint":5,"minecraft:oak_log":179,"minecraft:yellow_bed":5,"minecraft:gunpowder":2,"minecraft:cobblestone_stairs":34,"minecraft:paper":7,"minecraft:dirt":559,"minecraft:coast_armor_trim_smithing_template":2,"minecraft:bone":5,"minecraft:apple":10,"minecraft:stone_bricks":33,"minecraft:wheat_seeds":73,"minecraft:stone_pickaxe":3,"minecraft:iron_ingot":6,"minecraft:stone_hoe":4,"minecraft:oak_planks":122,"minecraft:honeycomb":4,"minecraft:cooked_porkchop":2,"hmag:soul_powder":14,"minecraft:gravel":4,"minecraft:dandelion":3,"minecraft:sand":8,"minecraft:spider_eye":3,"minecraft:leather_helmet":1,"minecraft:diamond":11,"minecraft:bone_meal":1,"minecraft:cherry_sapling":52,"minecraft:gray_wool":1,"minecraft:bread":5,"minecraft:oak_sapling":63,"minecraft:cherry_slab":10,"minecraft:netherrack":1,"minecraft:coal":68},"minecraft:broken":{"minecraft:iron_shovel":1,"minecraft:iron_axe":1,"minecraft:stone_axe":1},"minecraft:used":{"minecraft:oak_fence":3,"minecraft:iron_shovel":273,"minecraft:flint_and_steel":3,"minecraft:stone_shovel":192,"minecraft:chest":5,"minecraft:shield":7,"minecraft:stone":47,"minecraft:cooked_chicken":1,"minecraft:rotten_flesh":7,"minecraft:stone_hoe":60,"minecraft:netherrack":1,"minecraft:iron_chestplate":2,"minecraft:torch":199,"minecraft:dirt":418,"minecraft:oak_fence_gate":1,"minecraft:iron_axe":325,"minecraft:oak_stairs":3,"minecraft:cherry_fence_gate":6,"minecraft:pink_stained_glass_pane":12,"minecraft:stone_bricks":248,"minecraft:beef":1,"minecraft:oak_sapling":6,"minecraft:furnace":8,"minecraft:gold_block":9,"minecraft:egg":1,"minecraft:potato":33,"minecraft:cooked_beef":3,"minecraft:cherry_log":18,"minecraft:wheat_seeds":61,"minecraft:cooked_mutton":5,"minecraft:water_bucket":14,"minecraft:cobblestone_stairs":49,"minecraft:stone_pickaxe":150,"minecraft:baked_potato":2,"minecraft:oak_planks":193,"minecraft:wooden_pickaxe":3,"minecraft:composter":1,"minecraft:cherry_planks":23,"minecraft:redstone_block":8,"minecraft:cobblestone_slab":10,"minecraft:crafting_table":7,"minecraft:deepslate_brick_stairs":40,"minecraft:redstone_torch":4,"minecraft:oak_log":68,"minecraft:apple":26,"minecraft:command_block":16,"minecraft:iron_pickaxe":230,"minecraft:suspicious_stew":2,"minecraft:bread":11,"minecraft:gravel":2,"minecraft:deepslate":1,"minecraft:stone_axe":119,"minecraft:pink_petals":14,"minecraft:cobblestone":120,"minecraft:cooked_porkchop":10,"minecraft:bucket":15,"minecraft:birch_log":1,"minecraft:yellow_bed":7,"minecraft:bone_meal":10},"minecraft:custom":{"minecraft:mob_kills":39,"minecraft:interact_with_crafting_table":41,"minecraft:leave_game":44,"minecraft:time_since_death":23530,"minecraft:climb_one_cm":11767,"minecraft:sprint_one_cm":749666,"minecraft:walk_one_cm":1063049,"minecraft:damage_blocked_by_shield":195,"minecraft:drop":29,"minecraft:talked_to_villager":1,"minecraft:play_time":689359,"minecraft:sneak_time":28803,"minecraft:deaths":13,"minecraft:walk_under_water_one_cm":4810,"minecraft:jump":5485,"minecraft:walk_on_water_one_cm":9050,"minecraft:total_world_time":689359,"minecraft:interact_with_furnace":144,"minecraft:sleep_in_bed":17,"minecraft:time_since_rest":7758,"minecraft:damage_taken":5265,"minecraft:damage_dealt":6574,"minecraft:swim_one_cm":7864,"minecraft:fly_one_cm":1316530,"minecraft:open_chest":176,"minecraft:crouch_one_cm":94909,"minecraft:fall_one_cm":124938,"minecraft:horse_one_cm":116},"minecraft:killed":{"minecraft:spider":2,"minecraft:skeleton":3,"minecraft:horse":2,"hmag:zombie_girl":1,"minecraft:chicken":1,"minecraft:skeleton_horse":1,"hmag:ghost":2,"minecraft:pig":5,"minecraft:wandering_trader":1,"hmag:hornet":1,"minecraft:sheep":3,"minecraft:trader_llama":1,"minecraft:zombie":11,"minecraft:cow":3},"minecraft:crafted":{"minecraft:cherry_planks":48,"minecraft:yellow_wool":3,"minecraft:oak_planks":384,"minecraft:stone_shovel":2,"minecraft:cobblestone_slab":6,"minecraft:cherry_slab":12,"minecraft:cooked_chicken":1,"minecraft:furnace":1,"minecraft:cobblestone_stairs":28,"minecraft:stone":255,"minecraft:yellow_bed":1,"minecraft:bone_meal":9,"minecraft:pink_dye":3,"minecraft:cooked_mutton":5,"minecraft:deepslate_brick_stairs":40,"minecraft:glass":8,"minecraft:polished_deepslate":60,"minecraft:iron_axe":2,"minecraft:stone_pickaxe":2,"minecraft:chest":1,"minecraft:stone_hoe":1,"minecraft:stone_bricks":252,"minecraft:oak_fence":3,"minecraft:cherry_fence_gate":3,"minecraft:pink_stained_glass":8,"minecraft:cooked_beef":3,"minecraft:cooked_porkchop":11,"minecraft:crafting_table":3,"minecraft:baked_potato":12,"minecraft:wooden_pickaxe":1,"minecraft:bucket":1,"minecraft:stone_axe":1,"minecraft:bread":1,"minecraft:air":0,"minecraft:oak_fence_gate":1,"minecraft:iron_chestplate":1,"minecraft:charcoal":17,"minecraft:yellow_dye":3,"minecraft:shield":2,"minecraft:stick":108,"minecraft:pink_stained_glass_pane":16,"minecraft:iron_ingot":26,"minecraft:iron_pickaxe":2,"minecraft:oak_stairs":4,"minecraft:iron_shovel":1,"minecraft:composter":1,"minecraft:deepslate_bricks":60,"minecraft:torch":160},"minecraft:dropped":{"minecraft:wheat_seeds":2,"minecraft:diamond":10,"minecraft:crafting_table":1,"minecraft:cooked_porkchop":3,"minecraft:apple":7,"hmag:soul_powder":2,"minecraft:rotten_flesh":4,"minecraft:stone_pickaxe":1}},"DataVersion":3465}