{"stats":{"minecraft:dropped":{"minecraft:oak_log":4,"minecraft:diamond":10,"minecraft:crafting_table":1,"minecraft:cooked_porkchop":3,"minecraft:iron_pickaxe":1,"minecraft:obsidian":3,"minecraft:beetroot":4,"minecraft:rotten_flesh":4,"minecraft:carrot":55,"minecraft:hopper":9,"minecraft:iron_ingot":18,"minecraft:bread":23,"minecraft:wheat_seeds":3,"minecraft:cobblestone":1,"minecraft:apple":7,"minecraft:torch":1,"minecraft:iron_shovel":1,"hmag:soul_powder":2,"minecraft:shield":1,"minecraft:stone_pickaxe":1},"minecraft:crafted":{"minecraft:yellow_wool":3,"minecraft:oak_planks":596,"minecraft:cobblestone_slab":6,"minecraft:cherry_slab":12,"minecraft:cooked_chicken":1,"minecraft:stone":261,"minecraft:cobblestone_stairs":28,"minecraft:cooked_mutton":9,"minecraft:deepslate_brick_stairs":64,"minecraft:glass":8,"minecraft:hopper":9,"minecraft:bow":1,"minecraft:iron_boots":1,"minecraft:chest":12,"minecraft:stone_hoe":2,"minecraft:stone_bricks":252,"minecraft:oak_fence":3,"minecraft:golden_boots":1,"minecraft:smoker":1,"minecraft:pink_stained_glass":8,"minecraft:item_frame":4,"minecraft:cooked_porkchop":13,"minecraft:crafting_table":3,"minecraft:iron_helmet":2,"minecraft:wooden_pickaxe":1,"minecraft:baked_potato":71,"minecraft:gold_block":4,"minecraft:iron_chestplate":1,"minecraft:diamond_pickaxe":1,"minecraft:charcoal":17,"minecraft:yellow_dye":3,"minecraft:shield":3,"minecraft:stick":148,"minecraft:iron_ingot":98,"minecraft:iron_pickaxe":3,"minecraft:gold_ingot":41,"minecraft:redstone_torch":4,"minecraft:composter":1,"minecraft:deepslate_bricks":116,"minecraft:cherry_planks":48,"minecraft:oak_door":3,"minecraft:stone_shovel":5,"minecraft:furnace":2,"minecraft:blast_furnace":1,"minecraft:yellow_bed":1,"minecraft:bone_meal":18,"minecraft:pink_dye":3,"minecraft:flint_and_steel":1,"minecraft:polished_deepslate":116,"minecraft:iron_axe":2,"minecraft:stone_pickaxe":2,"minecraft:cherry_fence_gate":3,"minecraft:wheat":9,"minecraft:cooked_beef":8,"minecraft:deepslate_brick_slab":6,"minecraft:iron_sword":1,"minecraft:bucket":1,"minecraft:stone_axe":1,"minecraft:bread":15,"minecraft:air":0,"minecraft:jungle_planks":8,"minecraft:oak_fence_gate":1,"minecraft:pink_stained_glass_pane":16,"minecraft:oak_stairs":4,"minecraft:iron_shovel":3,"minecraft:iron_leggings":3,"minecraft:stonecutter":1,"minecraft:white_bed":1,"minecraft:torch":320},"minecraft:used":{"minecraft:iron_shovel":707,"minecraft:poppy":2,"minecraft:chest":11,"minecraft:shield":47,"minecraft:stone":47,"minecraft:iron_sword":101,"minecraft:mossy_stone_brick_slab":1,"minecraft:rotten_flesh":12,"minecraft:iron_chestplate":4,"minecraft:carrot":99,"minecraft:deepslate_brick_slab":6,"minecraft:azure_bluet":4,"minecraft:obsidian":9,"minecraft:crimson_roots":4,"minecraft:stone_bricks":249,"minecraft:item_frame":5,"minecraft:bow":5,"minecraft:oak_sapling":10,"minecraft:furnace":9,"minecraft:gold_block":13,"minecraft:egg":1,"minecraft:potato":98,"minecraft:golden_boots":3,"minecraft:dark_oak_stairs":1,"minecraft:stone_pickaxe":175,"minecraft:oak_planks":266,"minecraft:wooden_pickaxe":3,"minecraft:composter":4,"minecraft:redstone_block":8,"minecraft:blast_furnace":1,"minecraft:deepslate_brick_stairs":64,"minecraft:redstone_torch":12,"minecraft:crying_obsidian":1,"minecraft:bread":13,"minecraft:deepslate":1,"minecraft:gravel":18,"minecraft:stripped_oak_wood":1,"minecraft:birch_log":1,"minecraft:bone_meal":20,"minecraft:oak_fence":6,"minecraft:flint_and_steel":13,"minecraft:stone_shovel":665,"minecraft:stone_hoe":104,"minecraft:cooked_chicken":1,"minecraft:netherrack":95,"minecraft:oak_door":1,"minecraft:torch":380,"minecraft:dirt":1129,"minecraft:hopper":9,"minecraft:oak_fence_gate":1,"minecraft:stone_brick_slab":1,"minecraft:iron_axe":516,"minecraft:oak_stairs":4,"minecraft:jungle_log":23,"minecraft:iron_boots":5,"minecraft:cherry_fence_gate":6,"minecraft:pink_stained_glass_pane":12,"minecraft:beef":1,"minecraft:cooked_beef":6,"minecraft:cherry_log":18,"minecraft:wheat_seeds":89,"minecraft:cooked_mutton":11,"minecraft:water_bucket":27,"minecraft:cobblestone_stairs":49,"minecraft:baked_potato":71,"minecraft:cartography_table":3,"minecraft:cherry_planks":23,"minecraft:stonecutter":1,"minecraft:cobblestone_slab":11,"minecraft:deepslate_bricks":7,"minecraft:oak_slab":3,"minecraft:crafting_table":16,"minecraft:white_bed":13,"minecraft:smoker":1,"minecraft:oak_log":70,"minecraft:diamond_pickaxe":256,"minecraft:apple":36,"minecraft:oxeye_daisy":2,"minecraft:command_block":16,"minecraft:iron_pickaxe":500,"minecraft:suspicious_stew":2,"minecraft:map":3,"minecraft:stone_axe":119,"minecraft:pink_petals":14,"minecraft:cobblestone":144,"minecraft:cooked_porkchop":12,"minecraft:bucket":28,"minecraft:yellow_bed":14,"minecraft:dandelion":3},"minecraft:killed":{"minecraft:spider":4,"minecraft:skeleton":9,"minecraft:chicken":1,"minecraft:skeleton_horse":1,"minecraft:cat":1,"minecraft:pig":5,"minecraft:iron_golem":1,"hmag:wither_ghost":4,"hmag:hornet":1,"minecraft:sheep":7,"minecraft:trader_llama":1,"minecraft:zombie":20,"minecraft:cow":7,"minecraft:horse":2,"hmag:zombie_girl":1,"hmag:ghost":2,"minecraft:wandering_trader":1,"minecraft:hoglin":1},"minecraft:mined":{"minecraft:white_bed":12,"minecraft:mossy_stone_brick_slab":1,"minecraft:cherry_log":8,"minecraft:cobblestone_stairs":29,"minecraft:sculk_vein":2,"minecraft:jungle_leaves":1,"minecraft:obsidian":13,"minecraft:granite":1,"minecraft:grass_block":1037,"minecraft:jungle_log":25,"minecraft:deepslate_bricks":6,"minecraft:composter":3,"minecraft:hopper":8,"minecraft:oxeye_daisy":3,"minecraft:glowstone":6,"minecraft:iron_ore":87,"minecraft:fire":59,"minecraft:deepslate_lapis_ore":2,"minecraft:azure_bluet":4,"minecraft:pointed_dripstone":1,"minecraft:dirt_path":76,"minecraft:oak_stairs":1,"minecraft:deepslate_redstone_ore":6,"minecraft:crimson_nylium":9,"minecraft:orange_terracotta":1,"minecraft:torch":22,"minecraft:poppy":3,"minecraft:chest":7,"minecraft:dead_bush":4,"minecraft:nether_quartz_ore":18,"minecraft:cobblestone":63,"minecraft:oak_planks":44,"minecraft:wall_torch":9,"minecraft:pink_petals":110,"minecraft:birch_log":26,"minecraft:wheat":66,"minecraft:stripped_oak_wood":1,"minecraft:grass":628,"minecraft:oak_log":212,"minecraft:beetroots":8,"minecraft:sand":8,"minecraft:dirt":214,"minecraft:stonecutter":1,"minecraft:netherrack":89,"minecraft:oak_leaves":121,"minecraft:deepslate":61,"minecraft:nether_gold_ore":78,"minecraft:crying_obsidian":1,"minecraft:tuff":2,"minecraft:deepslate_diamond_ore":4,"minecraft:crimson_roots":5,"minecraft:cartography_table":3,"minecraft:hay_block":1,"minecraft:furnace":8,"minecraft:carrots":44,"minecraft:andesite":8,"minecraft:potatoes":58,"minecraft:deepslate_iron_ore":8,"minecraft:cobblestone_slab":7,"minecraft:vine":4,"minecraft:stone":231,"minecraft:cherry_fence_gate":3,"minecraft:redstone_wall_torch":4,"minecraft:oak_slab":3,"minecraft:glass_pane":1,"minecraft:cherry_planks":5,"minecraft:stone_brick_slab":1,"minecraft:dandelion":23,"minecraft:oak_fence":3,"minecraft:crafting_table":15,"minecraft:cornflower":4,"minecraft:emerald_ore":2,"minecraft:sculk_sensor":2,"minecraft:tall_grass":45,"minecraft:copper_ore":6,"minecraft:deepslate_gold_ore":11,"minecraft:sculk":1,"minecraft:birch_leaves":18,"minecraft:yellow_bed":12,"minecraft:coal_ore":130,"minecraft:cherry_leaves":30,"minecraft:gravel":21,"minecraft:cobweb":7,"minecraft:brown_terracotta":2,"minecraft:stone_bricks":19},"minecraft:custom":{"minecraft:animals_bred":4,"minecraft:interact_with_crafting_table":100,"minecraft:bell_ring":54,"minecraft:leave_game":48,"minecraft:time_since_death":56100,"minecraft:sprint_one_cm":1705012,"minecraft:damage_blocked_by_shield":3135,"minecraft:drop":58,"minecraft:talked_to_villager":6,"minecraft:play_time":1073275,"minecraft:deaths":19,"minecraft:jump":11694,"minecraft:walk_on_water_one_cm":40634,"minecraft:interact_with_furnace":235,"minecraft:sleep_in_bed":40,"minecraft:damage_dealt":13039,"minecraft:crouch_one_cm":198373,"minecraft:interact_with_smoker":9,"minecraft:horse_one_cm":191,"minecraft:mob_kills":72,"minecraft:climb_one_cm":16380,"minecraft:walk_one_cm":1870035,"minecraft:sneak_time":54628,"minecraft:walk_under_water_one_cm":18507,"minecraft:interact_with_blast_furnace":8,"minecraft:total_world_time":1073275,"minecraft:interact_with_stonecutter":2,"minecraft:time_since_rest":14903,"minecraft:damage_taken":10971,"minecraft:swim_one_cm":17451,"minecraft:fly_one_cm":2524901,"minecraft:open_chest":305,"minecraft:fall_one_cm":296993},"minecraft:killed_by":{"minecraft:creeper":1,"hmag:zombie_girl":2,"minecraft:zombie":3,"minecraft:iron_golem":1,"hmag:hornet":2,"minecraft:skeleton":4},"minecraft:broken":{"minecraft:iron_shovel":2,"minecraft:stone_pickaxe":1,"minecraft:stone_axe":1,"minecraft:stone_shovel":4,"minecraft:iron_axe":2,"minecraft:iron_pickaxe":2},"minecraft:picked_up":{"minecraft:iron_chestplate":9,"minecraft:wheat":40,"minecraft:suspicious_stew":2,"minecraft:lead":10,"minecraft:oak_stairs":2,"minecraft:brewing_stand":1,"minecraft:string":12,"minecraft:raw_copper":40,"minecraft:iron_leggings":2,"minecraft:beetroot":7,"minecraft:gold_nugget":281,"minecraft:cobbled_deepslate":127,"minecraft:bucket":2,"minecraft:redstone_torch":9,"minecraft:cobblestone_slab":15,"minecraft:iron_pickaxe":9,"hmag:golden_tropical_fish":2,"minecraft:iron_boots":3,"minecraft:furnace":9,"minecraft:stick":169,"minecraft:composter":3,"minecraft:brown_terracotta":2,"minecraft:oak_fence":4,"minecraft:torch":374,"minecraft:porkchop":13,"minecraft:cherry_log":62,"minecraft:pointed_dripstone":1,"minecraft:diorite":3,"minecraft:honey_bottle":1,"minecraft:rotten_flesh":42,"minecraft:obsidian":12,"minecraft:cobblestone":445,"minecraft:birch_log":33,"minecraft:leather_chestplate":2,"minecraft:pink_petals":569,"minecraft:feather":5,"minecraft:cooked_beef":9,"minecraft:cherry_planks":45,"minecraft:water_bucket":4,"minecraft:andesite":26,"minecraft:jungle_log":25,"minecraft:potato":189,"minecraft:flint":6,"minecraft:tuff":5,"minecraft:lapis_lazuli":16,"minecraft:dirt":1447,"hmag:evil_crystal_fragment":2,"minecraft:bone":12,"minecraft:stonecutter":4,"minecraft:bow":3,"minecraft:wheat_seeds":281,"minecraft:raw_gold":23,"minecraft:glowstone_dust":19,"minecraft:stone_hoe":8,"minecraft:oak_planks":163,"minecraft:honeycomb":4,"minecraft:cooked_porkchop":2,"hmag:soul_powder":15,"minecraft:sand":8,"minecraft:diamond":18,"minecraft:granite":7,"minecraft:bone_meal":2,"minecraft:emerald":2,"minecraft:bread":10,"minecraft:oak_sapling":72,"minecraft:cherry_slab":10,"minecraft:netherrack":116,"minecraft:dark_oak_fence":1,"minecraft:crimson_roots":9,"minecraft:diamond_pickaxe":4,"minecraft:cocoa_beans":6,"minecraft:charcoal":16,"minecraft:crafting_table":23,"minecraft:azure_bluet":6,"minecraft:chicken":1,"minecraft:gold_block":1,"minecraft:shield":4,"minecraft:cornflower":4,"minecraft:iron_axe":9,"minecraft:flint_and_steel":3,"minecraft:item_frame":1,"minecraft:iron_shovel":4,"minecraft:cartography_table":3,"minecraft:beef":9,"minecraft:oak_boat":1,"minecraft:poppy":6,"minecraft:chest":8,"minecraft:birch_sapling":10,"minecraft:egg":1,"minecraft:raw_iron":116,"minecraft:stone":48,"minecraft:bowl":1,"minecraft:carrot":146,"minecraft:redstone":41,"minecraft:dark_oak_planks":5,"minecraft:cherry_fence_gate":3,"minecraft:stone_shovel":1,"minecraft:arrow":31,"minecraft:beetroot_seeds":29,"minecraft:deepslate_bricks":74,"minecraft:hay_block":1,"minecraft:gold_ingot":16,"minecraft:mutton":11,"minecraft:white_wool":9,"minecraft:oxeye_daisy":4,"minecraft:salmon":1,"minecraft:leather":36,"minecraft:filled_map":4,"minecraft:oak_log":226,"minecraft:yellow_bed":12,"minecraft:gunpowder":2,"minecraft:cobblestone_stairs":35,"minecraft:paper":7,"minecraft:orange_terracotta":3,"minecraft:cooked_mutton":2,"minecraft:coast_armor_trim_smithing_template":2,"minecraft:apple":20,"minecraft:stone_bricks":34,"minecraft:stone_pickaxe":4,"minecraft:iron_ingot":41,"minecraft:stripped_oak_wood":1,"minecraft:dark_oak_stairs":1,"minecraft:iron_sword":2,"minecraft:oak_slab":3,"minecraft:stone_brick_slab":1,"minecraft:quartz":36,"minecraft:dandelion":27,"minecraft:gravel":22,"minecraft:white_bed":12,"minecraft:crying_obsidian":1,"minecraft:mossy_stone_brick_slab":1,"minecraft:spider_eye":3,"minecraft:leather_helmet":1,"minecraft:iron_helmet":1,"minecraft:cherry_sapling":52,"minecraft:gray_wool":1,"minecraft:terracotta":11,"minecraft:baked_potato":21,"minecraft:coal":228,"minecraft:hopper":9}},"DataVersion":3465}