{"stats":{"minecraft:killed_by":{"hmag:zombie_girl":2,"minecraft:skeleton":1,"minecraft:zombie":3},"minecraft:mined":{"minecraft:cherry_log":7,"minecraft:cobblestone_stairs":26,"minecraft:grass_block":338,"minecraft:furnace":6,"minecraft:iron_ore":15,"minecraft:fire":42,"minecraft:potatoes":5,"minecraft:cobblestone_slab":6,"minecraft:stone":150,"minecraft:dandelion":3,"minecraft:crafting_table":5,"minecraft:torch":17,"minecraft:chest":3,"minecraft:copper_ore":6,"minecraft:tall_grass":1,"minecraft:cobblestone":52,"minecraft:oak_planks":22,"minecraft:wall_torch":1,"minecraft:pink_petals":76,"minecraft:birch_log":26,"minecraft:birch_leaves":18,"minecraft:yellow_bed":5,"minecraft:grass":42,"minecraft:oak_log":137,"minecraft:coal_ore":51,"minecraft:cherry_leaves":28,"minecraft:sand":8,"minecraft:dirt":49,"minecraft:stone_bricks":2,"minecraft:oak_leaves":84},"minecraft:picked_up":{"minecraft:charcoal":16,"minecraft:crafting_table":8,"minecraft:iron_chestplate":3,"minecraft:chicken":1,"minecraft:suspicious_stew":2,"minecraft:lead":2,"minecraft:oak_stairs":1,"minecraft:gold_block":1,"minecraft:brewing_stand":1,"minecraft:shield":1,"minecraft:string":1,"minecraft:raw_copper":22,"minecraft:iron_axe":5,"minecraft:flint_and_steel":1,"minecraft:iron_shovel":3,"minecraft:cobbled_deepslate":64,"minecraft:gold_nugget":4,"minecraft:beef":4,"minecraft:oak_boat":1,"minecraft:redstone_torch":5,"minecraft:cobblestone_slab":8,"minecraft:poppy":1,"minecraft:iron_pickaxe":6,"hmag:golden_tropical_fish":2,"minecraft:chest":4,"minecraft:birch_sapling":8,"minecraft:furnace":7,"minecraft:egg":1,"minecraft:stick":147,"minecraft:raw_iron":20,"minecraft:stone":42,"minecraft:oak_fence":1,"minecraft:torch":218,"minecraft:bowl":1,"minecraft:porkchop":11,"minecraft:cherry_log":61,"minecraft:diorite":3,"minecraft:arrow":10,"minecraft:rotten_flesh":28,"minecraft:mutton":5,"minecraft:white_wool":2,"minecraft:cobblestone":337,"minecraft:birch_log":26,"minecraft:pink_petals":357,"minecraft:leather_chestplate":1,"minecraft:feather":5,"minecraft:cooked_beef":8,"minecraft:andesite":1,"minecraft:salmon":1,"minecraft:leather":23,"minecraft:potato":19,"minecraft:flint":5,"minecraft:oak_log":151,"minecraft:yellow_bed":5,"minecraft:gunpowder":2,"minecraft:cobblestone_stairs":32,"minecraft:paper":7,"minecraft:dirt":455,"minecraft:coast_armor_trim_smithing_template":2,"minecraft:bone":5,"minecraft:apple":10,"minecraft:stone_bricks":2,"minecraft:wheat_seeds":31,"minecraft:stone_pickaxe":1,"minecraft:iron_ingot":6,"minecraft:stone_hoe":2,"minecraft:oak_planks":122,"minecraft:honeycomb":2,"minecraft:cooked_porkchop":2,"hmag:soul_powder":6,"minecraft:dandelion":3,"minecraft:sand":8,"minecraft:spider_eye":1,"minecraft:diamond":11,"minecraft:cherry_sapling":17,"minecraft:gray_wool":1,"minecraft:bread":5,"minecraft:oak_sapling":55,"minecraft:netherrack":1,"minecraft:coal":68},"minecraft:broken":{"minecraft:stone_axe":1},"minecraft:used":{"minecraft:oak_fence":3,"minecraft:iron_shovel":269,"minecraft:flint_and_steel":3,"minecraft:stone_shovel":128,"minecraft:chest":5,"minecraft:shield":7,"minecraft:stone":47,"minecraft:cooked_chicken":1,"minecraft:rotten_flesh":7,"minecraft:stone_hoe":60,"minecraft:netherrack":1,"minecraft:iron_chestplate":2,"minecraft:torch":189,"minecraft:dirt":329,"minecraft:oak_fence_gate":1,"minecraft:iron_axe":254,"minecraft:oak_stairs":3,"minecraft:pink_stained_glass_pane":12,"minecraft:stone_bricks":206,"minecraft:beef":1,"minecraft:oak_sapling":6,"minecraft:furnace":8,"minecraft:gold_block":9,"minecraft:potato":19,"minecraft:cooked_beef":3,"minecraft:cherry_log":18,"minecraft:wheat_seeds":20,"minecraft:cooked_mutton":5,"minecraft:water_bucket":14,"minecraft:cobblestone_stairs":24,"minecraft:stone_pickaxe":88,"minecraft:oak_planks":173,"minecraft:wooden_pickaxe":3,"minecraft:redstone_block":8,"minecraft:cobblestone_slab":10,"minecraft:crafting_table":6,"minecraft:redstone_torch":4,"minecraft:oak_log":54,"minecraft:apple":26,"minecraft:command_block":16,"minecraft:iron_pickaxe":224,"minecraft:bread":10,"minecraft:suspicious_stew":2,"minecraft:deepslate":1,"minecraft:stone_axe":119,"minecraft:pink_petals":14,"minecraft:cobblestone":120,"minecraft:cooked_porkchop":9,"minecraft:bucket":14,"minecraft:birch_log":1,"minecraft:yellow_bed":7,"minecraft:bone_meal":9},"minecraft:custom":{"minecraft:mob_kills":39,"minecraft:interact_with_crafting_table":28,"minecraft:leave_game":43,"minecraft:time_since_death":64298,"minecraft:climb_one_cm":9504,"minecraft:sprint_one_cm":665257,"minecraft:walk_one_cm":895421,"minecraft:damage_blocked_by_shield":195,"minecraft:drop":29,"minecraft:talked_to_villager":1,"minecraft:play_time":646005,"minecraft:deaths":11,"minecraft:sneak_time":25816,"minecraft:walk_under_water_one_cm":4810,"minecraft:jump":4956,"minecraft:walk_on_water_one_cm":8875,"minecraft:total_world_time":646005,"minecraft:interact_with_furnace":109,"minecraft:sleep_in_bed":15,"minecraft:time_since_rest":46093,"minecraft:damage_taken":4517,"minecraft:damage_dealt":5956,"minecraft:swim_one_cm":7864,"minecraft:fly_one_cm":1253153,"minecraft:open_chest":125,"minecraft:crouch_one_cm":80618,"minecraft:fall_one_cm":116100,"minecraft:horse_one_cm":18},"minecraft:killed":{"minecraft:spider":2,"minecraft:skeleton":3,"minecraft:horse":2,"hmag:zombie_girl":1,"minecraft:chicken":1,"minecraft:skeleton_horse":1,"hmag:ghost":2,"minecraft:pig":5,"minecraft:wandering_trader":1,"hmag:hornet":1,"minecraft:sheep":3,"minecraft:trader_llama":1,"minecraft:zombie":11,"minecraft:cow":3},"minecraft:crafted":{"minecraft:oak_planks":356,"minecraft:yellow_wool":3,"minecraft:stone_shovel":1,"minecraft:cobblestone_slab":6,"minecraft:cooked_chicken":1,"minecraft:furnace":1,"minecraft:cobblestone_stairs":20,"minecraft:stone":211,"minecraft:yellow_bed":1,"minecraft:bone_meal":9,"minecraft:pink_dye":3,"minecraft:cooked_mutton":5,"minecraft:glass":8,"minecraft:iron_axe":1,"minecraft:stone_pickaxe":2,"minecraft:chest":1,"minecraft:stone_hoe":1,"minecraft:stone_bricks":204,"minecraft:oak_fence":3,"minecraft:pink_stained_glass":8,"minecraft:cooked_beef":3,"minecraft:cooked_porkchop":11,"minecraft:crafting_table":2,"minecraft:wooden_pickaxe":1,"minecraft:bucket":1,"minecraft:stone_axe":1,"minecraft:air":0,"minecraft:oak_fence_gate":1,"minecraft:iron_chestplate":1,"minecraft:charcoal":17,"minecraft:yellow_dye":3,"minecraft:shield":1,"minecraft:stick":100,"minecraft:iron_ingot":20,"minecraft:pink_stained_glass_pane":16,"minecraft:iron_pickaxe":1,"minecraft:oak_stairs":4,"minecraft:iron_shovel":1,"minecraft:torch":160},"minecraft:dropped":{"minecraft:wheat_seeds":2,"minecraft:diamond":10,"minecraft:crafting_table":1,"minecraft:cooked_porkchop":3,"minecraft:apple":7,"hmag:soul_powder":2,"minecraft:rotten_flesh":4,"minecraft:stone_pickaxe":1}},"DataVersion":3465}