{"stats":{"minecraft:picked_up":{"minecraft:charcoal":16,"minecraft:crafting_table":8,"minecraft:iron_chestplate":1,"minecraft:chicken":1,"minecraft:suspicious_stew":2,"minecraft:lead":2,"minecraft:oak_stairs":1,"minecraft:gold_block":1,"minecraft:brewing_stand":1,"minecraft:shield":1,"minecraft:iron_axe":3,"minecraft:raw_copper":4,"minecraft:flint_and_steel":1,"minecraft:iron_shovel":1,"minecraft:cobbled_deepslate":64,"minecraft:gold_nugget":4,"minecraft:beef":4,"minecraft:oak_boat":1,"minecraft:redstone_torch":5,"minecraft:cobblestone_slab":8,"minecraft:poppy":1,"minecraft:iron_pickaxe":4,"hmag:golden_tropical_fish":2,"minecraft:chest":4,"minecraft:birch_sapling":6,"minecraft:furnace":7,"minecraft:egg":1,"minecraft:stick":90,"minecraft:raw_iron":16,"minecraft:stone":42,"minecraft:torch":164,"minecraft:bowl":1,"minecraft:porkchop":2,"minecraft:cherry_log":54,"minecraft:diorite":3,"minecraft:arrow":8,"minecraft:rotten_flesh":5,"minecraft:mutton":5,"minecraft:white_wool":2,"minecraft:cobblestone":104,"minecraft:birch_log":19,"minecraft:pink_petals":235,"minecraft:feather":5,"minecraft:cooked_beef":8,"minecraft:salmon":1,"minecraft:leather":23,"minecraft:potato":1,"minecraft:flint":5,"minecraft:oak_log":129,"minecraft:yellow_bed":5,"minecraft:gunpowder":2,"minecraft:cobblestone_stairs":32,"minecraft:paper":7,"minecraft:dirt":230,"minecraft:coast_armor_trim_smithing_template":2,"minecraft:bone":3,"minecraft:apple":9,"minecraft:wheat_seeds":30,"minecraft:stone_pickaxe":1,"minecraft:iron_ingot":6,"minecraft:oak_planks":62,"minecraft:honeycomb":2,"hmag:soul_powder":2,"minecraft:dandelion":3,"minecraft:sand":8,"minecraft:diamond":11,"minecraft:cherry_sapling":1,"minecraft:gray_wool":1,"minecraft:bread":5,"minecraft:oak_sapling":47,"minecraft:netherrack":1,"minecraft:coal":42},"minecraft:used":{"minecraft:oak_fence":2,"minecraft:iron_shovel":68,"minecraft:flint_and_steel":3,"minecraft:stone_shovel":128,"minecraft:chest":5,"minecraft:shield":7,"minecraft:stone":47,"minecraft:cooked_chicken":1,"minecraft:rotten_flesh":5,"minecraft:netherrack":1,"minecraft:torch":69,"minecraft:dirt":148,"minecraft:oak_fence_gate":1,"minecraft:iron_axe":125,"minecraft:oak_stairs":3,"minecraft:pink_stained_glass_pane":12,"minecraft:beef":1,"minecraft:oak_sapling":6,"minecraft:furnace":8,"minecraft:gold_block":9,"minecraft:cooked_beef":3,"minecraft:cooked_mutton":5,"minecraft:cobblestone_stairs":24,"minecraft:stone_pickaxe":43,"minecraft:oak_planks":128,"minecraft:wooden_pickaxe":3,"minecraft:redstone_block":8,"minecraft:cobblestone_slab":10,"minecraft:crafting_table":6,"minecraft:redstone_torch":4,"minecraft:oak_log":54,"minecraft:apple":10,"minecraft:command_block":16,"minecraft:suspicious_stew":1,"minecraft:bread":10,"minecraft:iron_pickaxe":103,"minecraft:deepslate":1,"minecraft:stone_axe":119,"minecraft:pink_petals":7,"minecraft:cobblestone":67,"minecraft:cooked_porkchop":2,"minecraft:birch_log":1,"minecraft:yellow_bed":7},"minecraft:killed":{"minecraft:spider":1,"minecraft:skeleton":2,"minecraft:horse":2,"minecraft:chicken":1,"minecraft:skeleton_horse":1,"hmag:ghost":1,"minecraft:pig":1,"minecraft:wandering_trader":1,"hmag:hornet":1,"minecraft:sheep":3,"minecraft:trader_llama":1,"minecraft:zombie":4,"minecraft:cow":3},"minecraft:broken":{"minecraft:stone_axe":1},"minecraft:dropped":{"minecraft:wheat_seeds":2,"minecraft:diamond":10,"minecraft:crafting_table":1,"minecraft:apple":1},"minecraft:killed_by":{"minecraft:skeleton":1,"minecraft:zombie":3},"minecraft:custom":{"minecraft:mob_kills":23,"minecraft:interact_with_crafting_table":25,"minecraft:leave_game":40,"minecraft:time_since_death":51378,"minecraft:climb_one_cm":2693,"minecraft:sprint_one_cm":383589,"minecraft:walk_one_cm":531075,"minecraft:damage_blocked_by_shield":195,"minecraft:drop":14,"minecraft:talked_to_villager":1,"minecraft:play_time":511433,"minecraft:deaths":9,"minecraft:sneak_time":17660,"minecraft:walk_under_water_one_cm":1986,"minecraft:jump":3306,"minecraft:walk_on_water_one_cm":5724,"minecraft:total_world_time":511433,"minecraft:interact_with_furnace":54,"minecraft:sleep_in_bed":9,"minecraft:time_since_rest":302,"minecraft:damage_taken":3197,"minecraft:damage_dealt":3066,"minecraft:swim_one_cm":4722,"minecraft:fly_one_cm":1023069,"minecraft:open_chest":58,"minecraft:crouch_one_cm":53732,"minecraft:fall_one_cm":92862},"minecraft:crafted":{"minecraft:oak_planks":244,"minecraft:yellow_wool":3,"minecraft:stone_shovel":1,"minecraft:cobblestone_slab":6,"minecraft:cooked_chicken":1,"minecraft:furnace":1,"minecraft:cobblestone_stairs":20,"minecraft:stone":42,"minecraft:yellow_bed":1,"minecraft:pink_dye":3,"minecraft:cooked_mutton":5,"minecraft:glass":8,"minecraft:iron_axe":1,"minecraft:stone_pickaxe":1,"minecraft:chest":1,"minecraft:oak_fence":3,"minecraft:pink_stained_glass":8,"minecraft:cooked_beef":3,"minecraft:cooked_porkchop":2,"minecraft:crafting_table":2,"minecraft:wooden_pickaxe":1,"minecraft:stone_axe":1,"minecraft:air":0,"minecraft:oak_fence_gate":1,"minecraft:iron_chestplate":1,"minecraft:charcoal":11,"minecraft:yellow_dye":3,"minecraft:shield":1,"minecraft:stick":80,"minecraft:iron_ingot":16,"minecraft:pink_stained_glass_pane":16,"minecraft:iron_pickaxe":1,"minecraft:oak_stairs":4,"minecraft:iron_shovel":1,"minecraft:torch":56},"minecraft:mined":{"minecraft:cobblestone_stairs":26,"minecraft:grass_block":161,"minecraft:furnace":6,"minecraft:iron_ore":13,"minecraft:fire":42,"minecraft:cobblestone_slab":6,"minecraft:stone":29,"minecraft:dandelion":3,"minecraft:crafting_table":5,"minecraft:torch":13,"minecraft:chest":3,"minecraft:tall_grass":1,"minecraft:cobblestone":43,"minecraft:oak_planks":8,"minecraft:pink_petals":47,"minecraft:birch_log":19,"minecraft:birch_leaves":16,"minecraft:yellow_bed":5,"minecraft:grass":14,"minecraft:oak_log":116,"minecraft:coal_ore":25,"minecraft:cherry_leaves":6,"minecraft:sand":8,"minecraft:dirt":33,"minecraft:oak_leaves":66}},"DataVersion":3465}