{"stats":{"minecraft:dropped":{"minecraft:oak_log":4,"minecraft:baked_potato":1,"minecraft:diamond":10,"minecraft:crafting_table":2,"minecraft:cooked_porkchop":3,"minecraft:dirt":4,"minecraft:gold_nugget":128,"minecraft:iron_pickaxe":1,"minecraft:obsidian":3,"minecraft:beetroot":4,"minecraft:rotten_flesh":4,"minecraft:white_bed":1,"minecraft:carrot":55,"minecraft:hopper":9,"minecraft:iron_ingot":18,"minecraft:bread":23,"minecraft:wheat_seeds":3,"minecraft:cobblestone":1,"minecraft:apple":7,"minecraft:torch":1,"minecraft:iron_shovel":1,"hmag:soul_powder":2,"minecraft:shield":1,"minecraft:stone_pickaxe":1},"minecraft:killed":{"minecraft:spider":4,"minecraft:skeleton":12,"minecraft:chicken":1,"minecraft:skeleton_horse":1,"minecraft:cat":3,"minecraft:magma_cube":1,"hmag:harpy":1,"minecraft:pig":5,"minecraft:iron_golem":1,"hmag:wither_ghost":4,"hmag:hornet":1,"minecraft:sheep":7,"minecraft:trader_llama":1,"minecraft:zombie":25,"minecraft:cow":7,"minecraft:horse":2,"hmag:zombie_girl":1,"hmag:ghost":4,"minecraft:wandering_trader":1,"minecraft:hoglin":1},"minecraft:custom":{"minecraft:animals_bred":6,"minecraft:interact_with_crafting_table":111,"minecraft:bell_ring":83,"minecraft:leave_game":52,"minecraft:time_since_death":4648,"minecraft:sprint_one_cm":2025087,"minecraft:damage_blocked_by_shield":5280,"minecraft:drop":67,"minecraft:talked_to_villager":12,"minecraft:play_time":1189889,"minecraft:deaths":24,"minecraft:jump":13877,"minecraft:walk_on_water_one_cm":41821,"minecraft:interact_with_furnace":239,"minecraft:traded_with_villager":6,"minecraft:sleep_in_bed":46,"minecraft:damage_dealt":15613,"minecraft:crouch_one_cm":221250,"minecraft:interact_with_smoker":13,"minecraft:horse_one_cm":191,"minecraft:mob_kills":86,"minecraft:climb_one_cm":16887,"minecraft:walk_one_cm":2118688,"minecraft:sneak_time":61256,"minecraft:walk_under_water_one_cm":22207,"minecraft:interact_with_blast_furnace":11,"minecraft:total_world_time":1189889,"minecraft:interact_with_stonecutter":2,"minecraft:time_since_rest":4676,"minecraft:damage_taken":14106,"minecraft:swim_one_cm":19983,"minecraft:fly_one_cm":3039508,"minecraft:open_chest":332,"minecraft:fall_one_cm":362288},"minecraft:mined":{"minecraft:white_bed":14,"minecraft:mossy_stone_brick_slab":1,"minecraft:cherry_log":8,"minecraft:cobblestone_stairs":29,"minecraft:sculk_vein":2,"minecraft:jungle_leaves":1,"minecraft:obsidian":13,"minecraft:granite":1,"minecraft:grass_block":1316,"minecraft:jungle_log":25,"minecraft:deepslate_bricks":6,"minecraft:composter":3,"minecraft:hopper":8,"minecraft:oxeye_daisy":4,"minecraft:glowstone":6,"minecraft:iron_ore":91,"minecraft:fire":74,"minecraft:deepslate_lapis_ore":2,"minecraft:azure_bluet":4,"minecraft:pointed_dripstone":1,"minecraft:dirt_path":121,"minecraft:oak_stairs":1,"minecraft:deepslate_redstone_ore":6,"minecraft:crimson_nylium":9,"minecraft:orange_terracotta":1,"minecraft:clay":7,"minecraft:torch":25,"minecraft:poppy":4,"minecraft:chest":7,"minecraft:dead_bush":4,"minecraft:nether_quartz_ore":18,"minecraft:cobblestone":63,"minecraft:oak_planks":45,"minecraft:wall_torch":9,"minecraft:pink_petals":110,"minecraft:birch_log":26,"minecraft:wheat":66,"minecraft:stripped_oak_wood":1,"minecraft:grass":725,"minecraft:oak_log":223,"minecraft:beetroots":8,"minecraft:sand":8,"minecraft:dirt":298,"minecraft:stonecutter":1,"minecraft:netherrack":108,"minecraft:oak_leaves":122,"minecraft:deepslate":61,"minecraft:nether_gold_ore":134,"minecraft:crying_obsidian":1,"minecraft:tuff":2,"minecraft:deepslate_diamond_ore":4,"minecraft:crimson_roots":5,"minecraft:cartography_table":4,"minecraft:hay_block":2,"minecraft:furnace":8,"minecraft:carrots":56,"minecraft:andesite":8,"minecraft:potatoes":70,"minecraft:deepslate_iron_ore":8,"minecraft:cobblestone_slab":7,"minecraft:vine":4,"minecraft:stone":255,"minecraft:cherry_fence_gate":3,"minecraft:redstone_wall_torch":4,"minecraft:oak_slab":3,"minecraft:glass_pane":1,"minecraft:cherry_planks":5,"minecraft:stone_brick_slab":1,"minecraft:dandelion":28,"minecraft:oak_fence":3,"minecraft:crafting_table":16,"minecraft:cornflower":4,"minecraft:emerald_ore":2,"minecraft:sculk_sensor":2,"minecraft:tall_grass":48,"minecraft:copper_ore":6,"minecraft:deepslate_gold_ore":11,"minecraft:sculk":1,"minecraft:redstone_torch":7,"minecraft:birch_leaves":18,"minecraft:yellow_bed":12,"minecraft:coal_ore":154,"minecraft:cherry_leaves":30,"minecraft:gravel":21,"minecraft:cobweb":7,"minecraft:brown_terracotta":2,"minecraft:terracotta":1,"minecraft:stone_bricks":19},"minecraft:killed_by":{"minecraft:creeper":1,"hmag:harpy":4,"hmag:zombie_girl":2,"minecraft:zombie":3,"hmag:kasha":1,"minecraft:iron_golem":1,"hmag:hornet":2,"minecraft:skeleton":4},"minecraft:picked_up":{"minecraft:iron_chestplate":13,"minecraft:wheat":54,"minecraft:suspicious_stew":2,"minecraft:lead":10,"minecraft:oak_stairs":2,"minecraft:brewing_stand":1,"minecraft:string":14,"minecraft:raw_copper":40,"minecraft:iron_leggings":5,"minecraft:beetroot":7,"minecraft:gold_nugget":856,"minecraft:cobbled_deepslate":127,"minecraft:bucket":2,"minecraft:redstone_torch":16,"minecraft:cobblestone_slab":15,"minecraft:iron_pickaxe":9,"hmag:golden_tropical_fish":2,"minecraft:iron_boots":7,"minecraft:furnace":9,"minecraft:stick":169,"minecraft:composter":3,"minecraft:brown_terracotta":2,"minecraft:oak_fence":4,"minecraft:torch":407,"minecraft:porkchop":13,"minecraft:cherry_log":62,"minecraft:pointed_dripstone":1,"minecraft:diorite":3,"minecraft:honey_bottle":1,"minecraft:rotten_flesh":59,"minecraft:obsidian":12,"minecraft:cobblestone":501,"minecraft:birch_log":33,"hmag:copper_nugget":1,"minecraft:pink_petals":569,"minecraft:leather_chestplate":2,"minecraft:feather":5,"minecraft:cooked_beef":9,"minecraft:cherry_planks":45,"minecraft:water_bucket":7,"minecraft:andesite":26,"minecraft:jungle_log":25,"minecraft:potato":237,"minecraft:flint":6,"minecraft:tuff":5,"minecraft:lapis_lazuli":16,"minecraft:dirt":1970,"hmag:evil_crystal_fragment":2,"minecraft:bone":24,"minecraft:stonecutter":4,"minecraft:bow":3,"minecraft:wheat_seeds":297,"minecraft:raw_gold":23,"minecraft:glowstone_dust":19,"minecraft:stone_hoe":8,"minecraft:oak_planks":170,"minecraft:honeycomb":4,"minecraft:cooked_porkchop":2,"hmag:soul_powder":21,"minecraft:sand":8,"minecraft:diamond":18,"minecraft:granite":7,"minecraft:grass":4,"minecraft:bone_meal":3,"minecraft:emerald":2,"minecraft:bread":44,"minecraft:oak_sapling":72,"minecraft:cherry_slab":10,"minecraft:netherrack":145,"minecraft:dark_oak_fence":1,"minecraft:crimson_roots":10,"minecraft:diamond_pickaxe":7,"minecraft:cocoa_beans":6,"minecraft:charcoal":16,"minecraft:crafting_table":29,"minecraft:azure_bluet":6,"minecraft:chicken":1,"minecraft:clay_ball":20,"minecraft:gold_block":1,"minecraft:shield":6,"minecraft:cornflower":4,"minecraft:iron_axe":12,"minecraft:flint_and_steel":6,"minecraft:item_frame":1,"minecraft:iron_shovel":7,"minecraft:cartography_table":4,"minecraft:beef":9,"minecraft:oak_boat":1,"minecraft:poppy":7,"minecraft:chest":8,"minecraft:birch_sapling":10,"minecraft:egg":2,"minecraft:raw_iron":118,"minecraft:stone":48,"minecraft:bowl":1,"minecraft:carrot":209,"minecraft:redstone":41,"minecraft:dark_oak_planks":9,"minecraft:cherry_fence_gate":3,"minecraft:stone_shovel":1,"minecraft:arrow":87,"minecraft:beetroot_seeds":29,"minecraft:shears":1,"minecraft:deepslate_bricks":90,"minecraft:hay_block":2,"minecraft:gold_ingot":17,"minecraft:mutton":11,"minecraft:white_wool":12,"minecraft:oxeye_daisy":5,"minecraft:salmon":1,"minecraft:leather":36,"minecraft:filled_map":4,"minecraft:oak_log":237,"minecraft:golden_boots":3,"minecraft:yellow_bed":12,"minecraft:gunpowder":2,"minecraft:cobblestone_stairs":35,"minecraft:paper":7,"minecraft:orange_terracotta":5,"minecraft:cooked_mutton":2,"minecraft:coast_armor_trim_smithing_template":2,"minecraft:apple":20,"minecraft:stone_bricks":34,"minecraft:stone_pickaxe":4,"minecraft:iron_ingot":53,"minecraft:stripped_oak_wood":1,"minecraft:iron_sword":5,"minecraft:dark_oak_stairs":1,"minecraft:oak_slab":3,"minecraft:stone_brick_slab":1,"minecraft:quartz":36,"minecraft:dandelion":31,"minecraft:gravel":22,"minecraft:white_bed":14,"minecraft:crying_obsidian":1,"minecraft:mossy_stone_brick_slab":1,"minecraft:spider_eye":3,"minecraft:leather_helmet":1,"minecraft:iron_helmet":4,"minecraft:cherry_sapling":52,"minecraft:gray_wool":1,"minecraft:terracotta":23,"minecraft:baked_potato":46,"minecraft:coal":275,"minecraft:hopper":9},"minecraft:used":{"minecraft:iron_shovel":1124,"minecraft:poppy":3,"minecraft:chest":13,"minecraft:shield":74,"minecraft:stone":47,"minecraft:iron_sword":186,"minecraft:grass":4,"minecraft:mossy_stone_brick_slab":1,"minecraft:rotten_flesh":13,"minecraft:iron_chestplate":5,"minecraft:carrot":140,"minecraft:deepslate_brick_slab":6,"minecraft:azure_bluet":4,"minecraft:obsidian":9,"minecraft:iron_helmet":2,"minecraft:crimson_roots":5,"minecraft:stone_bricks":249,"minecraft:item_frame":5,"minecraft:bow":5,"minecraft:oak_sapling":10,"minecraft:furnace":9,"minecraft:gold_block":19,"minecraft:egg":2,"minecraft:potato":120,"minecraft:golden_boots":4,"minecraft:dark_oak_stairs":1,"minecraft:stone_pickaxe":175,"minecraft:oak_planks":269,"minecraft:wooden_pickaxe":3,"minecraft:composter":4,"minecraft:redstone_block":8,"minecraft:blast_furnace":1,"minecraft:shears":4,"minecraft:deepslate_brick_stairs":64,"minecraft:redstone_torch":19,"minecraft:crying_obsidian":1,"minecraft:bread":14,"minecraft:deepslate":1,"minecraft:gravel":18,"minecraft:stripped_oak_wood":1,"minecraft:birch_log":1,"minecraft:bone_meal":21,"minecraft:oak_fence":6,"minecraft:flint_and_steel":31,"minecraft:stone_shovel":665,"minecraft:stone_hoe":104,"minecraft:cooked_chicken":1,"minecraft:netherrack":117,"minecraft:oak_door":1,"minecraft:torch":440,"minecraft:dirt":1406,"minecraft:hopper":9,"minecraft:oak_fence_gate":1,"minecraft:stone_brick_slab":1,"minecraft:iron_axe":538,"minecraft:oak_stairs":4,"minecraft:jungle_log":23,"minecraft:iron_boots":7,"minecraft:cherry_fence_gate":6,"minecraft:pink_stained_glass_pane":12,"minecraft:beef":1,"minecraft:cooked_beef":6,"minecraft:cherry_log":18,"minecraft:iron_leggings":2,"minecraft:wheat_seeds":89,"minecraft:cooked_mutton":11,"minecraft:water_bucket":30,"minecraft:cobblestone_stairs":49,"minecraft:baked_potato":95,"minecraft:cartography_table":4,"minecraft:cherry_planks":23,"minecraft:stonecutter":1,"minecraft:cobblestone_slab":11,"minecraft:deepslate_bricks":7,"minecraft:terracotta":11,"minecraft:oak_slab":3,"minecraft:crafting_table":17,"minecraft:white_bed":15,"minecraft:smoker":2,"minecraft:oak_log":70,"minecraft:diamond_pickaxe":387,"minecraft:apple":36,"minecraft:oxeye_daisy":3,"minecraft:command_block":16,"minecraft:iron_pickaxe":500,"minecraft:suspicious_stew":2,"minecraft:map":3,"minecraft:stone_axe":119,"minecraft:pink_petals":14,"minecraft:cobblestone":144,"minecraft:cooked_porkchop":12,"minecraft:bucket":31,"minecraft:yellow_bed":14,"minecraft:dandelion":6},"minecraft:crafted":{"minecraft:yellow_wool":3,"minecraft:oak_planks":624,"minecraft:cobblestone_slab":6,"minecraft:cherry_slab":12,"minecraft:cooked_chicken":1,"minecraft:stone":261,"minecraft:cobblestone_stairs":28,"minecraft:cooked_mutton":9,"minecraft:deepslate_brick_stairs":64,"minecraft:glass":8,"minecraft:hopper":9,"minecraft:bow":1,"minecraft:iron_boots":1,"minecraft:chest":14,"minecraft:stone_hoe":2,"minecraft:stone_bricks":252,"minecraft:oak_fence":3,"minecraft:golden_boots":1,"minecraft:smoker":2,"minecraft:pink_stained_glass":8,"minecraft:item_frame":4,"minecraft:emerald":3,"minecraft:cooked_porkchop":13,"minecraft:crafting_table":3,"minecraft:iron_helmet":2,"minecraft:wooden_pickaxe":1,"minecraft:baked_potato":105,"minecraft:gold_block":8,"minecraft:iron_chestplate":1,"minecraft:diamond_pickaxe":1,"minecraft:charcoal":17,"minecraft:yellow_dye":3,"minecraft:shield":3,"minecraft:stick":168,"minecraft:iron_ingot":107,"minecraft:iron_pickaxe":3,"minecraft:iron_block":25,"minecraft:gold_ingot":80,"minecraft:redstone_torch":4,"minecraft:composter":1,"minecraft:deepslate_bricks":116,"minecraft:shears":1,"minecraft:cherry_planks":48,"minecraft:oak_door":3,"minecraft:stone_shovel":5,"minecraft:furnace":3,"minecraft:blast_furnace":1,"minecraft:yellow_bed":1,"minecraft:bone_meal":18,"minecraft:pink_dye":3,"minecraft:flint_and_steel":1,"minecraft:polished_deepslate":116,"minecraft:iron_axe":3,"minecraft:stone_pickaxe":2,"minecraft:cherry_fence_gate":3,"minecraft:wheat":18,"minecraft:cooked_beef":8,"minecraft:deepslate_brick_slab":6,"minecraft:iron_sword":1,"minecraft:bucket":1,"minecraft:stone_axe":1,"minecraft:jungle_planks":8,"minecraft:bread":33,"minecraft:air":0,"minecraft:oak_fence_gate":1,"minecraft:pink_stained_glass_pane":16,"minecraft:oak_stairs":4,"minecraft:iron_shovel":5,"minecraft:iron_leggings":3,"minecraft:stonecutter":1,"minecraft:white_bed":2,"minecraft:torch":376},"minecraft:broken":{"minecraft:iron_shovel":3,"minecraft:stone_pickaxe":1,"minecraft:stone_axe":1,"minecraft:stone_shovel":4,"minecraft:shield":1,"minecraft:iron_axe":2,"minecraft:iron_pickaxe":2}},"DataVersion":3465}