{"stats":{"minecraft:broken":{"minecraft:iron_shovel":2,"minecraft:stone_pickaxe":1,"minecraft:stone_axe":1,"minecraft:stone_shovel":4,"minecraft:iron_axe":1,"minecraft:iron_pickaxe":2},"minecraft:killed_by":{"hmag:zombie_girl":2,"minecraft:zombie":3,"hmag:hornet":2,"minecraft:skeleton":1},"minecraft:mined":{"minecraft:white_bed":2,"minecraft:cherry_log":8,"minecraft:cobblestone_stairs":29,"minecraft:jungle_leaves":1,"minecraft:granite":1,"minecraft:grass_block":1014,"minecraft:jungle_log":25,"minecraft:composter":3,"minecraft:hopper":8,"minecraft:oxeye_daisy":3,"minecraft:iron_ore":87,"minecraft:fire":42,"minecraft:deepslate_lapis_ore":2,"minecraft:azure_bluet":4,"minecraft:pointed_dripstone":1,"minecraft:dirt_path":74,"minecraft:oak_stairs":1,"minecraft:deepslate_redstone_ore":2,"minecraft:orange_terracotta":1,"minecraft:torch":22,"minecraft:poppy":3,"minecraft:chest":4,"minecraft:cobblestone":63,"minecraft:oak_planks":38,"minecraft:wall_torch":9,"minecraft:pink_petals":110,"minecraft:birch_log":26,"minecraft:wheat":66,"minecraft:stripped_oak_wood":1,"minecraft:grass":606,"minecraft:oak_log":206,"minecraft:beetroots":8,"minecraft:sand":8,"minecraft:dirt":176,"minecraft:oak_leaves":121,"minecraft:deepslate":59,"minecraft:tuff":1,"minecraft:deepslate_diamond_ore":4,"minecraft:cartography_table":3,"minecraft:hay_block":1,"minecraft:furnace":7,"minecraft:carrots":30,"minecraft:andesite":8,"minecraft:potatoes":58,"minecraft:deepslate_iron_ore":8,"minecraft:cobblestone_slab":6,"minecraft:vine":4,"minecraft:stone":228,"minecraft:cherry_fence_gate":3,"minecraft:glass_pane":1,"minecraft:cherry_planks":5,"minecraft:dandelion":23,"minecraft:oak_fence":3,"minecraft:crafting_table":14,"minecraft:cornflower":4,"minecraft:emerald_ore":2,"minecraft:tall_grass":43,"minecraft:copper_ore":6,"minecraft:birch_leaves":18,"minecraft:yellow_bed":8,"minecraft:coal_ore":130,"minecraft:cherry_leaves":30,"minecraft:gravel":4,"minecraft:stone_bricks":19},"minecraft:custom":{"minecraft:animals_bred":4,"minecraft:interact_with_crafting_table":82,"minecraft:bell_ring":1,"minecraft:leave_game":46,"minecraft:time_since_death":136930,"minecraft:sprint_one_cm":1246411,"minecraft:damage_blocked_by_shield":1620,"minecraft:drop":42,"minecraft:talked_to_villager":1,"minecraft:play_time":874290,"minecraft:deaths":14,"minecraft:jump":8535,"minecraft:walk_on_water_one_cm":25520,"minecraft:interact_with_furnace":224,"minecraft:sleep_in_bed":29,"minecraft:damage_dealt":8212,"minecraft:crouch_one_cm":173462,"minecraft:interact_with_smoker":9,"minecraft:horse_one_cm":191,"minecraft:mob_kills":51,"minecraft:climb_one_cm":15899,"minecraft:walk_one_cm":1546298,"minecraft:sneak_time":45456,"minecraft:walk_under_water_one_cm":13660,"minecraft:total_world_time":874290,"minecraft:interact_with_stonecutter":1,"minecraft:time_since_rest":3901,"minecraft:damage_taken":7277,"minecraft:swim_one_cm":16159,"minecraft:fly_one_cm":1855533,"minecraft:open_chest":241,"minecraft:fall_one_cm":219461},"minecraft:picked_up":{"minecraft:iron_chestplate":5,"minecraft:wheat":40,"minecraft:suspicious_stew":2,"minecraft:lead":6,"minecraft:oak_stairs":2,"minecraft:brewing_stand":1,"minecraft:string":2,"minecraft:raw_copper":40,"minecraft:beetroot":7,"minecraft:gold_nugget":5,"minecraft:cobbled_deepslate":123,"minecraft:bucket":2,"minecraft:cobblestone_slab":8,"minecraft:redstone_torch":5,"minecraft:iron_pickaxe":9,"hmag:golden_tropical_fish":2,"minecraft:iron_boots":1,"minecraft:furnace":8,"minecraft:stick":156,"minecraft:composter":3,"minecraft:oak_fence":4,"minecraft:torch":250,"minecraft:porkchop":11,"minecraft:cherry_log":62,"minecraft:pointed_dripstone":1,"minecraft:diorite":3,"minecraft:rotten_flesh":30,"minecraft:honey_bottle":1,"minecraft:cobblestone":440,"minecraft:birch_log":33,"minecraft:pink_petals":569,"minecraft:leather_chestplate":2,"minecraft:feather":5,"minecraft:cooked_beef":8,"minecraft:cherry_planks":45,"minecraft:jungle_log":25,"minecraft:andesite":26,"minecraft:potato":189,"minecraft:flint":5,"minecraft:tuff":1,"minecraft:dirt":1333,"minecraft:lapis_lazuli":16,"hmag:evil_crystal_fragment":2,"minecraft:bone":11,"minecraft:wheat_seeds":218,"minecraft:honeycomb":4,"minecraft:oak_planks":138,"minecraft:stone_hoe":5,"minecraft:cooked_porkchop":2,"hmag:soul_powder":14,"minecraft:sand":8,"minecraft:diamond":18,"minecraft:granite":7,"minecraft:bone_meal":1,"minecraft:bread":7,"minecraft:emerald":2,"minecraft:oak_sapling":68,"minecraft:cherry_slab":10,"minecraft:netherrack":1,"minecraft:cocoa_beans":6,"minecraft:charcoal":16,"minecraft:crafting_table":18,"minecraft:azure_bluet":6,"minecraft:chicken":1,"minecraft:gold_block":1,"minecraft:shield":3,"minecraft:cornflower":4,"minecraft:iron_axe":8,"minecraft:flint_and_steel":1,"minecraft:item_frame":1,"minecraft:iron_shovel":4,"minecraft:cartography_table":3,"minecraft:beef":9,"minecraft:oak_boat":1,"minecraft:poppy":6,"minecraft:chest":5,"minecraft:birch_sapling":10,"minecraft:egg":1,"minecraft:raw_iron":116,"minecraft:stone":48,"minecraft:bowl":1,"minecraft:carrot":96,"minecraft:redstone":8,"minecraft:dark_oak_planks":1,"minecraft:cherry_fence_gate":3,"minecraft:stone_shovel":1,"minecraft:arrow":30,"minecraft:beetroot_seeds":11,"minecraft:deepslate_bricks":4,"minecraft:hay_block":1,"minecraft:mutton":9,"minecraft:white_wool":5,"minecraft:oxeye_daisy":4,"minecraft:salmon":1,"minecraft:leather":30,"minecraft:filled_map":4,"minecraft:oak_log":220,"minecraft:yellow_bed":8,"minecraft:gunpowder":2,"minecraft:cobblestone_stairs":35,"minecraft:paper":7,"minecraft:orange_terracotta":1,"minecraft:coast_armor_trim_smithing_template":2,"minecraft:apple":12,"minecraft:stone_bricks":34,"minecraft:iron_ingot":6,"minecraft:stone_pickaxe":4,"minecraft:stripped_oak_wood":1,"minecraft:dark_oak_stairs":1,"minecraft:dandelion":27,"minecraft:gravel":6,"minecraft:white_bed":2,"minecraft:spider_eye":3,"minecraft:leather_helmet":1,"minecraft:cherry_sapling":52,"minecraft:gray_wool":1,"minecraft:baked_potato":21,"minecraft:coal":147,"minecraft:hopper":9},"minecraft:killed":{"minecraft:spider":2,"minecraft:skeleton":7,"minecraft:chicken":1,"minecraft:skeleton_horse":1,"minecraft:pig":5,"hmag:hornet":1,"minecraft:sheep":6,"minecraft:trader_llama":1,"minecraft:zombie":12,"minecraft:cow":6,"minecraft:horse":2,"hmag:zombie_girl":1,"hmag:ghost":2,"minecraft:wandering_trader":1},"minecraft:dropped":{"minecraft:diamond":10,"minecraft:crafting_table":1,"minecraft:cooked_porkchop":3,"minecraft:beetroot":4,"minecraft:rotten_flesh":4,"minecraft:carrot":55,"minecraft:hopper":9,"minecraft:bread":16,"minecraft:wheat_seeds":3,"minecraft:apple":7,"minecraft:iron_shovel":1,"hmag:soul_powder":2,"minecraft:stone_pickaxe":1},"minecraft:crafted":{"minecraft:oak_planks":596,"minecraft:yellow_wool":3,"minecraft:cobblestone_slab":6,"minecraft:cherry_slab":12,"minecraft:cooked_chicken":1,"minecraft:stone":261,"minecraft:cobblestone_stairs":28,"minecraft:cooked_mutton":9,"minecraft:deepslate_brick_stairs":64,"minecraft:glass":8,"minecraft:hopper":9,"minecraft:iron_boots":1,"minecraft:chest":12,"minecraft:stone_hoe":2,"minecraft:stone_bricks":252,"minecraft:oak_fence":3,"minecraft:pink_stained_glass":8,"minecraft:smoker":1,"minecraft:item_frame":4,"minecraft:cooked_porkchop":11,"minecraft:crafting_table":3,"minecraft:wooden_pickaxe":1,"minecraft:baked_potato":67,"minecraft:iron_helmet":1,"minecraft:iron_chestplate":1,"minecraft:diamond_pickaxe":1,"minecraft:charcoal":17,"minecraft:yellow_dye":3,"minecraft:shield":2,"minecraft:stick":144,"minecraft:iron_ingot":98,"minecraft:iron_pickaxe":2,"minecraft:composter":1,"minecraft:deepslate_bricks":116,"minecraft:cherry_planks":48,"minecraft:oak_door":3,"minecraft:stone_shovel":5,"minecraft:furnace":2,"minecraft:yellow_bed":1,"minecraft:bone_meal":18,"minecraft:pink_dye":3,"minecraft:polished_deepslate":116,"minecraft:iron_axe":2,"minecraft:stone_pickaxe":2,"minecraft:cherry_fence_gate":3,"minecraft:wheat":9,"minecraft:cooked_beef":8,"minecraft:deepslate_brick_slab":6,"minecraft:bucket":1,"minecraft:stone_axe":1,"minecraft:jungle_planks":8,"minecraft:bread":11,"minecraft:air":0,"minecraft:oak_fence_gate":1,"minecraft:pink_stained_glass_pane":16,"minecraft:oak_stairs":4,"minecraft:iron_shovel":3,"minecraft:iron_leggings":1,"minecraft:stonecutter":1,"minecraft:white_bed":1,"minecraft:torch":300},"minecraft:used":{"minecraft:iron_shovel":634,"minecraft:poppy":2,"minecraft:chest":8,"minecraft:shield":28,"minecraft:stone":47,"minecraft:rotten_flesh":8,"minecraft:iron_chestplate":3,"minecraft:carrot":47,"minecraft:deepslate_brick_slab":6,"minecraft:azure_bluet":4,"minecraft:stone_bricks":249,"minecraft:item_frame":5,"minecraft:furnace":9,"minecraft:oak_sapling":6,"minecraft:gold_block":9,"minecraft:egg":1,"minecraft:potato":98,"minecraft:dark_oak_stairs":1,"minecraft:stone_pickaxe":175,"minecraft:oak_planks":261,"minecraft:wooden_pickaxe":3,"minecraft:redstone_block":8,"minecraft:composter":4,"minecraft:deepslate_brick_stairs":64,"minecraft:redstone_torch":4,"minecraft:bread":13,"minecraft:deepslate":1,"minecraft:gravel":4,"minecraft:stripped_oak_wood":1,"minecraft:birch_log":1,"minecraft:bone_meal":19,"minecraft:oak_fence":6,"minecraft:flint_and_steel":3,"minecraft:stone_shovel":665,"minecraft:stone_hoe":96,"minecraft:cooked_chicken":1,"minecraft:netherrack":1,"minecraft:oak_door":1,"minecraft:torch":324,"minecraft:dirt":1011,"minecraft:hopper":9,"minecraft:oak_fence_gate":1,"minecraft:iron_axe":471,"minecraft:oak_stairs":4,"minecraft:jungle_log":23,"minecraft:iron_boots":2,"minecraft:cherry_fence_gate":6,"minecraft:pink_stained_glass_pane":12,"minecraft:beef":1,"minecraft:cooked_beef":5,"minecraft:cherry_log":18,"minecraft:wheat_seeds":89,"minecraft:cooked_mutton":7,"minecraft:water_bucket":15,"minecraft:cobblestone_stairs":49,"minecraft:baked_potato":45,"minecraft:cartography_table":3,"minecraft:cherry_planks":23,"minecraft:stonecutter":1,"minecraft:cobblestone_slab":10,"minecraft:deepslate_bricks":1,"minecraft:crafting_table":15,"minecraft:white_bed":3,"minecraft:smoker":1,"minecraft:oak_log":68,"minecraft:apple":26,"minecraft:oxeye_daisy":2,"minecraft:command_block":16,"minecraft:suspicious_stew":2,"minecraft:iron_pickaxe":500,"minecraft:map":3,"minecraft:stone_axe":119,"minecraft:pink_petals":14,"minecraft:cobblestone":142,"minecraft:cooked_porkchop":10,"minecraft:bucket":16,"minecraft:yellow_bed":10,"minecraft:dandelion":3}},"DataVersion":3465}