{"stats":{"minecraft:killed_by":{"hmag:zombie_girl":2,"hmag:hornet":2,"minecraft:skeleton":1,"minecraft:zombie":3},"minecraft:broken":{"minecraft:iron_shovel":1,"minecraft:iron_axe":1,"minecraft:stone_axe":1,"minecraft:iron_pickaxe":1},"minecraft:used":{"minecraft:oak_fence":3,"minecraft:iron_shovel":273,"minecraft:flint_and_steel":3,"minecraft:stone_shovel":192,"minecraft:chest":5,"minecraft:shield":28,"minecraft:stone":47,"minecraft:cooked_chicken":1,"minecraft:rotten_flesh":7,"minecraft:stone_hoe":60,"minecraft:netherrack":1,"minecraft:iron_chestplate":3,"minecraft:torch":293,"minecraft:dirt":456,"minecraft:deepslate_brick_slab":6,"minecraft:oak_fence_gate":1,"minecraft:iron_axe":365,"minecraft:oak_stairs":3,"minecraft:iron_boots":2,"minecraft:cherry_fence_gate":6,"minecraft:pink_stained_glass_pane":12,"minecraft:stone_bricks":249,"minecraft:beef":1,"minecraft:oak_sapling":6,"minecraft:furnace":8,"minecraft:gold_block":9,"minecraft:egg":1,"minecraft:potato":63,"minecraft:cooked_beef":3,"minecraft:cherry_log":18,"minecraft:wheat_seeds":61,"minecraft:cooked_mutton":5,"minecraft:water_bucket":15,"minecraft:cobblestone_stairs":49,"minecraft:stone_pickaxe":156,"minecraft:baked_potato":18,"minecraft:oak_planks":255,"minecraft:wooden_pickaxe":3,"minecraft:composter":1,"minecraft:cherry_planks":23,"minecraft:redstone_block":8,"minecraft:cobblestone_slab":10,"minecraft:deepslate_bricks":1,"minecraft:crafting_table":8,"minecraft:deepslate_brick_stairs":64,"minecraft:smoker":1,"minecraft:redstone_torch":4,"minecraft:oak_log":68,"minecraft:apple":26,"minecraft:iron_pickaxe":433,"minecraft:command_block":16,"minecraft:suspicious_stew":2,"minecraft:bread":13,"minecraft:deepslate":1,"minecraft:gravel":4,"minecraft:stone_axe":119,"minecraft:pink_petals":14,"minecraft:cobblestone":137,"minecraft:cooked_porkchop":10,"minecraft:bucket":16,"minecraft:birch_log":1,"minecraft:yellow_bed":7,"minecraft:bone_meal":19},"minecraft:mined":{"minecraft:tuff":1,"minecraft:deepslate_diamond_ore":4,"minecraft:cobblestone_stairs":29,"minecraft:cherry_log":8,"minecraft:grass_block":405,"minecraft:furnace":7,"minecraft:iron_ore":58,"minecraft:fire":42,"minecraft:andesite":8,"minecraft:deepslate_lapis_ore":2,"minecraft:potatoes":39,"minecraft:pointed_dripstone":1,"minecraft:cobblestone_slab":6,"minecraft:deepslate_iron_ore":8,"minecraft:stone":216,"minecraft:cherry_fence_gate":3,"minecraft:deepslate_redstone_ore":2,"minecraft:cherry_planks":5,"minecraft:dandelion":3,"minecraft:torch":21,"minecraft:crafting_table":7,"minecraft:chest":3,"minecraft:copper_ore":6,"minecraft:tall_grass":1,"minecraft:cobblestone":62,"minecraft:oak_planks":36,"minecraft:wall_torch":5,"minecraft:pink_petals":110,"minecraft:birch_log":26,"minecraft:wheat":16,"minecraft:birch_leaves":18,"minecraft:yellow_bed":5,"minecraft:grass":55,"minecraft:oak_log":177,"minecraft:coal_ore":99,"minecraft:cherry_leaves":30,"minecraft:sand":8,"minecraft:gravel":4,"minecraft:dirt":72,"minecraft:stone_bricks":19,"minecraft:oak_leaves":99,"minecraft:deepslate":59},"minecraft:custom":{"minecraft:mob_kills":43,"minecraft:interact_with_crafting_table":53,"minecraft:leave_game":45,"minecraft:time_since_death":26991,"minecraft:climb_one_cm":14006,"minecraft:sprint_one_cm":903876,"minecraft:walk_one_cm":1203517,"minecraft:damage_blocked_by_shield":1620,"minecraft:drop":30,"minecraft:talked_to_villager":1,"minecraft:play_time":764351,"minecraft:sneak_time":34174,"minecraft:deaths":14,"minecraft:walk_under_water_one_cm":6692,"minecraft:jump":6395,"minecraft:walk_on_water_one_cm":22690,"minecraft:total_world_time":764351,"minecraft:interact_with_furnace":176,"minecraft:sleep_in_bed":20,"minecraft:time_since_rest":13423,"minecraft:damage_taken":6333,"minecraft:damage_dealt":7364,"minecraft:swim_one_cm":11835,"minecraft:fly_one_cm":1473320,"minecraft:open_chest":201,"minecraft:crouch_one_cm":109706,"minecraft:interact_with_smoker":4,"minecraft:fall_one_cm":152120,"minecraft:horse_one_cm":191},"minecraft:killed":{"minecraft:spider":2,"minecraft:skeleton":7,"minecraft:horse":2,"hmag:zombie_girl":1,"minecraft:chicken":1,"minecraft:skeleton_horse":1,"hmag:ghost":2,"minecraft:pig":5,"minecraft:wandering_trader":1,"hmag:hornet":1,"minecraft:sheep":3,"minecraft:trader_llama":1,"minecraft:zombie":11,"minecraft:cow":3},"minecraft:picked_up":{"minecraft:charcoal":16,"minecraft:crafting_table":11,"minecraft:iron_chestplate":5,"minecraft:wheat":15,"minecraft:chicken":1,"minecraft:suspicious_stew":2,"minecraft:lead":6,"minecraft:oak_stairs":1,"minecraft:gold_block":1,"minecraft:brewing_stand":1,"minecraft:shield":3,"minecraft:string":2,"minecraft:raw_copper":40,"minecraft:iron_axe":8,"minecraft:flint_and_steel":1,"minecraft:iron_shovel":3,"minecraft:cobbled_deepslate":123,"minecraft:gold_nugget":5,"minecraft:bucket":2,"minecraft:beef":4,"minecraft:oak_boat":1,"minecraft:redstone_torch":5,"minecraft:cobblestone_slab":8,"minecraft:poppy":1,"minecraft:iron_pickaxe":9,"hmag:golden_tropical_fish":2,"minecraft:chest":4,"minecraft:birch_sapling":10,"minecraft:iron_boots":1,"minecraft:furnace":8,"minecraft:egg":1,"minecraft:stick":155,"minecraft:raw_iron":87,"minecraft:stone":42,"minecraft:oak_fence":1,"minecraft:torch":241,"minecraft:bowl":1,"minecraft:porkchop":11,"minecraft:cherry_log":62,"minecraft:pointed_dripstone":1,"minecraft:diorite":3,"minecraft:redstone":8,"minecraft:cherry_fence_gate":3,"minecraft:stone_shovel":1,"minecraft:arrow":30,"minecraft:honey_bottle":1,"minecraft:rotten_flesh":28,"minecraft:deepslate_bricks":4,"minecraft:mutton":5,"minecraft:white_wool":2,"minecraft:cobblestone":427,"minecraft:birch_log":33,"minecraft:pink_petals":569,"minecraft:leather_chestplate":2,"minecraft:feather":5,"minecraft:cooked_beef":8,"minecraft:cherry_planks":45,"minecraft:andesite":21,"minecraft:salmon":1,"minecraft:leather":23,"minecraft:potato":153,"minecraft:flint":5,"minecraft:tuff":1,"minecraft:oak_log":191,"minecraft:yellow_bed":5,"minecraft:gunpowder":2,"minecraft:cobblestone_stairs":35,"minecraft:lapis_lazuli":16,"minecraft:dirt":560,"minecraft:paper":7,"minecraft:coast_armor_trim_smithing_template":2,"minecraft:bone":11,"minecraft:apple":10,"minecraft:stone_bricks":34,"minecraft:wheat_seeds":74,"minecraft:iron_ingot":6,"minecraft:stone_pickaxe":4,"minecraft:stone_hoe":5,"minecraft:oak_planks":136,"minecraft:honeycomb":4,"minecraft:cooked_porkchop":2,"hmag:soul_powder":14,"minecraft:dandelion":3,"minecraft:gravel":6,"minecraft:sand":8,"minecraft:spider_eye":3,"minecraft:leather_helmet":1,"minecraft:diamond":18,"minecraft:granite":6,"minecraft:bone_meal":1,"minecraft:cherry_sapling":52,"minecraft:gray_wool":1,"minecraft:bread":7,"minecraft:baked_potato":21,"minecraft:oak_sapling":63,"minecraft:cherry_slab":10,"minecraft:netherrack":1,"minecraft:coal":116},"minecraft:crafted":{"minecraft:cherry_planks":48,"minecraft:yellow_wool":3,"minecraft:oak_planks":444,"minecraft:stone_shovel":2,"minecraft:cobblestone_slab":6,"minecraft:cherry_slab":12,"minecraft:cooked_chicken":1,"minecraft:furnace":1,"minecraft:cobblestone_stairs":28,"minecraft:stone":255,"minecraft:yellow_bed":1,"minecraft:bone_meal":18,"minecraft:pink_dye":3,"minecraft:cooked_mutton":5,"minecraft:deepslate_brick_stairs":64,"minecraft:glass":8,"minecraft:iron_boots":1,"minecraft:polished_deepslate":116,"minecraft:iron_axe":2,"minecraft:stone_pickaxe":2,"minecraft:chest":1,"minecraft:stone_hoe":1,"minecraft:stone_bricks":252,"minecraft:oak_fence":3,"minecraft:smoker":1,"minecraft:cherry_fence_gate":3,"minecraft:pink_stained_glass":8,"minecraft:cooked_beef":3,"minecraft:cooked_porkchop":11,"minecraft:crafting_table":3,"minecraft:iron_helmet":1,"minecraft:wooden_pickaxe":1,"minecraft:baked_potato":46,"minecraft:deepslate_brick_slab":6,"minecraft:bucket":1,"minecraft:stone_axe":1,"minecraft:bread":5,"minecraft:air":0,"minecraft:oak_fence_gate":1,"minecraft:diamond_pickaxe":1,"minecraft:iron_chestplate":1,"minecraft:charcoal":17,"minecraft:yellow_dye":3,"minecraft:shield":2,"minecraft:stick":128,"minecraft:pink_stained_glass_pane":16,"minecraft:iron_ingot":56,"minecraft:iron_pickaxe":2,"minecraft:oak_stairs":4,"minecraft:iron_shovel":1,"minecraft:iron_leggings":1,"minecraft:composter":1,"minecraft:torch":244,"minecraft:deepslate_bricks":116},"minecraft:dropped":{"minecraft:wheat_seeds":3,"minecraft:diamond":10,"minecraft:crafting_table":1,"minecraft:cooked_porkchop":3,"minecraft:apple":7,"hmag:soul_powder":2,"minecraft:rotten_flesh":4,"minecraft:stone_pickaxe":1}},"DataVersion":3465}