{"stats":{"minecraft:killed_by":{"hmag:hornet":1,"minecraft:skeleton":2,"minecraft:spider":1,"hmag:zombie_girl":2},"minecraft:mined":{"minecraft:dark_oak_planks":1,"minecraft:mossy_cobblestone":13,"minecraft:oak_fence":1,"minecraft:crafting_table":2,"minecraft:torch":5,"minecraft:granite":1,"minecraft:grass_block":3,"minecraft:melon":7,"minecraft:rose_bush":4,"minecraft:tall_grass":2,"minecraft:copper_ore":4,"minecraft:oak_planks":4,"minecraft:wall_torch":2,"minecraft:pink_petals":2,"minecraft:furnace":1,"minecraft:birch_log":8,"minecraft:iron_ore":13,"minecraft:birch_leaves":1,"minecraft:andesite":18,"minecraft:dark_oak_stairs":1,"minecraft:grass":5,"minecraft:oak_log":16,"minecraft:coal_ore":25,"minecraft:sand":2,"minecraft:gravel":10,"minecraft:dripstone_block":1,"minecraft:dirt":3,"minecraft:stone":133,"minecraft:oak_leaves":7,"minecraft:fern":1},"minecraft:picked_up":{"minecraft:birch_log":16,"minecraft:pink_petals":1,"minecraft:crafting_table":4,"minecraft:andesite":39,"minecraft:leather":2,"minecraft:lead":14,"minecraft:wooden_pickaxe":2,"minecraft:flint":5,"minecraft:oak_log":16,"minecraft:golden_boots":1,"minecraft:shield":2,"minecraft:dirt":11,"minecraft:raw_copper":39,"minecraft:iron_axe":1,"hmag:evil_crystal_fragment":2,"minecraft:apple":6,"minecraft:light_weighted_pressure_plate":1,"minecraft:stone_pickaxe":2,"minecraft:iron_ingot":9,"minecraft:rose_bush":2,"minecraft:iron_nugget":2,"minecraft:iron_pickaxe":1,"minecraft:melon_slice":35,"minecraft:oak_planks":122,"minecraft:stone_hoe":1,"minecraft:dark_oak_stairs":2,"minecraft:furnace":3,"minecraft:stick":18,"minecraft:raw_iron":13,"minecraft:stone":6,"minecraft:cooked_porkchop":1,"hmag:soul_powder":2,"minecraft:oak_fence":1,"minecraft:torch":53,"minecraft:gravel":39,"minecraft:sand":2,"minecraft:carrot":1,"minecraft:golden_chestplate":1,"minecraft:mossy_cobblestone":4,"minecraft:dark_oak_planks":2,"minecraft:rotten_flesh":30,"minecraft:stone_axe":3,"minecraft:oak_sapling":1,"minecraft:obsidian":2,"minecraft:mutton":2,"minecraft:coal":43,"minecraft:white_wool":4,"minecraft:cobblestone":207},"minecraft:used":{"minecraft:cooked_mutton":1,"minecraft:rose_bush":1,"minecraft:stone_pickaxe":172,"minecraft:oak_planks":13,"minecraft:shield":3,"minecraft:wooden_pickaxe":52,"minecraft:rotten_flesh":1,"minecraft:torch":36,"minecraft:dirt":1,"minecraft:crafting_table":4,"minecraft:carrot":1,"minecraft:golden_chestplate":1,"minecraft:apple":6,"minecraft:melon_slice":30,"minecraft:gravel":15,"minecraft:stone_bricks":12,"minecraft:stone_axe":75,"minecraft:cobblestone":10,"minecraft:furnace":1,"minecraft:oak_sapling":1,"minecraft:cooked_porkchop":1,"minecraft:andesite":12},"minecraft:broken":{"minecraft:stone_pickaxe":1,"minecraft:wooden_pickaxe":1},"minecraft:custom":{"minecraft:interact_with_furnace":20,"minecraft:mob_kills":13,"minecraft:interact_with_crafting_table":12,"minecraft:leave_game":1,"minecraft:time_since_death":6640,"minecraft:climb_one_cm":4038,"minecraft:time_since_rest":6674,"minecraft:sprint_one_cm":178683,"minecraft:damage_taken":2352,"minecraft:walk_one_cm":187949,"minecraft:damage_blocked_by_shield":45,"minecraft:drop":16,"minecraft:damage_dealt":2052,"minecraft:talked_to_villager":1,"minecraft:swim_one_cm":3096,"minecraft:fly_one_cm":276846,"minecraft:open_chest":21,"minecraft:crouch_one_cm":57763,"minecraft:play_time":114153,"minecraft:deaths":6,"minecraft:sneak_time":21972,"minecraft:walk_under_water_one_cm":11717,"minecraft:jump":1623,"minecraft:walk_on_water_one_cm":20757,"minecraft:total_world_time":114153,"minecraft:fall_one_cm":48988,"minecraft:horse_one_cm":25},"minecraft:killed":{"hmag:ghost":1,"hmag:hornet":1,"minecraft:sheep":1,"minecraft:trader_llama":2,"hmag:zombie_girl":2,"minecraft:zombie":4},"minecraft:crafted":{"minecraft:oak_planks":64,"minecraft:crafting_table":3,"minecraft:wooden_pickaxe":1,"minecraft:furnace":1,"minecraft:stone":18,"minecraft:stone_axe":1,"minecraft:cooked_mutton":1,"minecraft:air":0,"minecraft:shield":1,"minecraft:stick":20,"minecraft:iron_ingot":6,"minecraft:stone_pickaxe":2,"minecraft:torch":48,"minecraft:stone_bricks":12},"minecraft:dropped":{"minecraft:stone_hoe":1,"minecraft:mossy_cobblestone":4,"minecraft:raw_iron":1,"minecraft:cobblestone":1,"minecraft:rotten_flesh":14,"minecraft:oak_planks":24,"minecraft:leather_helmet":1,"minecraft:dirt":8,"minecraft:torch":23,"minecraft:rose_bush":1,"minecraft:iron_axe":1,"minecraft:iron_pickaxe":1,"minecraft:pink_petals":1}},"DataVersion":3465}