{"stats":{"minecraft:killed_by":{"hmag:zombie_girl":2,"minecraft:skeleton":2},"minecraft:mined":{"minecraft:pink_petals":2,"minecraft:oak_fence":1,"minecraft:torch":1,"minecraft:coal_ore":3,"minecraft:grass":2,"minecraft:oak_log":16,"minecraft:grass_block":2,"minecraft:rose_bush":4,"minecraft:dirt":3,"minecraft:tall_grass":1,"minecraft:stone":38,"minecraft:oak_planks":1,"minecraft:oak_leaves":7},"minecraft:picked_up":{"minecraft:pink_petals":1,"minecraft:stick":18,"minecraft:cooked_porkchop":1,"minecraft:oak_fence":1,"minecraft:torch":24,"minecraft:wooden_pickaxe":2,"minecraft:oak_log":16,"minecraft:carrot":1,"minecraft:dirt":9,"minecraft:iron_axe":1,"minecraft:apple":3,"minecraft:rotten_flesh":16,"minecraft:stone_axe":1,"minecraft:rose_bush":2,"minecraft:iron_pickaxe":1,"minecraft:oak_sapling":1,"minecraft:mutton":2,"minecraft:stone_hoe":1,"minecraft:oak_planks":69,"minecraft:coal":3,"minecraft:white_wool":2,"minecraft:cobblestone":58},"minecraft:used":{"minecraft:rose_bush":1,"minecraft:apple":3,"minecraft:oak_planks":13,"minecraft:wooden_pickaxe":50,"minecraft:rotten_flesh":1,"minecraft:torch":1,"minecraft:stone_axe":21,"minecraft:dirt":1,"minecraft:cobblestone":10,"minecraft:crafting_table":1,"minecraft:oak_sapling":1,"minecraft:cooked_porkchop":1,"minecraft:carrot":1},"minecraft:custom":{"minecraft:time_since_rest":3973,"minecraft:sprint_one_cm":50431,"minecraft:interact_with_furnace":5,"minecraft:damage_taken":1230,"minecraft:walk_one_cm":54921,"minecraft:mob_kills":4,"minecraft:drop":11,"minecraft:damage_dealt":360,"minecraft:interact_with_crafting_table":3,"minecraft:fly_one_cm":113706,"minecraft:open_chest":6,"minecraft:crouch_one_cm":18459,"minecraft:play_time":47136,"minecraft:deaths":4,"minecraft:sneak_time":7997,"minecraft:jump":470,"minecraft:walk_on_water_one_cm":355,"minecraft:time_since_death":3942,"minecraft:climb_one_cm":1965,"minecraft:total_world_time":47136,"minecraft:fall_one_cm":16428,"minecraft:horse_one_cm":25},"minecraft:crafted":{"minecraft:oak_planks":64,"minecraft:crafting_table":1,"minecraft:stick":12,"minecraft:wooden_pickaxe":1,"minecraft:stone_axe":1},"minecraft:killed":{"minecraft:sheep":1,"hmag:zombie_girl":2},"minecraft:dropped":{"minecraft:stone_hoe":1,"minecraft:dirt":8,"minecraft:torch":23,"minecraft:rose_bush":1,"minecraft:rotten_flesh":10,"minecraft:oak_planks":24,"minecraft:iron_axe":1,"minecraft:iron_pickaxe":1,"minecraft:pink_petals":1}},"DataVersion":3465}