{"stats":{"minecraft:broken":{"minecraft:iron_shovel":1,"minecraft:wooden_pickaxe":1,"minecraft:stone_pickaxe":2,"minecraft:stone_axe":1},"minecraft:killed_by":{"minecraft:spider":1,"hmag:zombie_girl":2,"hmag:hornet":1,"minecraft:skeleton":2},"minecraft:mined":{"minecraft:dark_oak_planks":1,"minecraft:white_bed":5,"minecraft:mossy_cobblestone":13,"minecraft:granite":1,"minecraft:grass_block":146,"minecraft:hopper":2,"minecraft:tall_seagrass":1,"minecraft:furnace":3,"minecraft:iron_ore":13,"minecraft:andesite":18,"minecraft:dark_oak_stairs":1,"minecraft:bell":1,"minecraft:potatoes":9,"minecraft:cobblestone_slab":9,"minecraft:stone":226,"minecraft:oak_fence":1,"minecraft:crafting_table":5,"minecraft:torch":6,"minecraft:melon":7,"minecraft:chest":3,"minecraft:rose_bush":4,"minecraft:glass":36,"minecraft:cobblestone":9,"minecraft:tall_grass":9,"minecraft:copper_ore":4,"minecraft:oak_planks":4,"minecraft:wall_torch":4,"minecraft:pink_petals":2,"minecraft:seagrass":3,"minecraft:birch_planks":2,"minecraft:birch_log":8,"minecraft:birch_leaves":1,"minecraft:yellow_bed":2,"minecraft:grass":18,"minecraft:coal_ore":49,"minecraft:oak_log":34,"minecraft:dripstone_block":1,"minecraft:gravel":10,"minecraft:sand":112,"minecraft:dirt":261,"minecraft:netherrack":1,"minecraft:oak_leaves":7,"minecraft:fern":1},"minecraft:custom":{"minecraft:mob_kills":23,"minecraft:inspect_hopper":2,"minecraft:interact_with_crafting_table":44,"minecraft:bell_ring":35,"minecraft:leave_game":2,"minecraft:time_since_death":34120,"minecraft:climb_one_cm":4070,"minecraft:sprint_one_cm":314284,"minecraft:walk_one_cm":342405,"minecraft:damage_blocked_by_shield":55,"minecraft:drop":30,"minecraft:talked_to_villager":11,"minecraft:play_time":255615,"minecraft:deaths":8,"minecraft:sneak_time":48786,"minecraft:walk_under_water_one_cm":18206,"minecraft:boat_one_cm":189,"minecraft:jump":3288,"minecraft:walk_on_water_one_cm":72053,"minecraft:total_world_time":255615,"minecraft:interact_with_furnace":62,"minecraft:sleep_in_bed":2,"minecraft:time_since_rest":5492,"minecraft:damage_taken":3708,"minecraft:damage_dealt":4037,"minecraft:swim_one_cm":8926,"minecraft:fly_one_cm":530673,"minecraft:open_chest":87,"minecraft:crouch_one_cm":147028,"minecraft:interact_with_smoker":3,"minecraft:fall_one_cm":93888,"minecraft:horse_one_cm":25},"minecraft:picked_up":{"minecraft:cocoa_beans":6,"minecraft:crafting_table":7,"minecraft:wheat":5,"minecraft:azure_bluet":2,"minecraft:lead":15,"minecraft:wooden_pickaxe":2,"minecraft:shield":2,"minecraft:cornflower":12,"minecraft:iron_axe":1,"minecraft:raw_copper":52,"minecraft:light_weighted_pressure_plate":4,"minecraft:rose_bush":2,"minecraft:cobblestone_slab":5,"minecraft:iron_nugget":4,"minecraft:poppy":1,"minecraft:iron_pickaxe":1,"minecraft:melon_slice":35,"minecraft:chest":4,"minecraft:furnace":5,"minecraft:stick":18,"minecraft:raw_iron":13,"minecraft:stone":6,"minecraft:oak_fence":1,"minecraft:torch":55,"minecraft:carrot":1,"minecraft:golden_chestplate":1,"minecraft:dark_oak_planks":2,"minecraft:arrow":9,"minecraft:rotten_flesh":43,"minecraft:mutton":10,"minecraft:obsidian":2,"minecraft:white_wool":9,"minecraft:cobblestone":308,"minecraft:oxeye_daisy":2,"minecraft:birch_log":16,"minecraft:pink_petals":1,"minecraft:andesite":39,"minecraft:leather":5,"minecraft:potato":30,"minecraft:birch_planks":1,"minecraft:flint":8,"minecraft:oak_log":38,"minecraft:golden_boots":1,"minecraft:yellow_bed":2,"minecraft:dirt":486,"hmag:evil_crystal_fragment":2,"minecraft:apple":6,"minecraft:wheat_seeds":69,"minecraft:bell":1,"minecraft:stone_pickaxe":2,"minecraft:iron_ingot":17,"minecraft:oak_planks":122,"minecraft:stone_hoe":1,"minecraft:dark_oak_stairs":2,"minecraft:cooked_porkchop":1,"hmag:soul_powder":4,"minecraft:dandelion":17,"minecraft:gravel":47,"minecraft:sand":115,"minecraft:white_bed":5,"minecraft:mossy_cobblestone":4,"minecraft:stone_axe":3,"minecraft:gray_wool":4,"minecraft:bread":2,"minecraft:emerald":2,"minecraft:oak_sapling":5,"minecraft:coal":68,"minecraft:hopper":9},"minecraft:killed":{"hmag:zombie_girl":2,"hmag:ghost":1,"minecraft:iron_golem":1,"hmag:hornet":1,"minecraft:sheep":7,"minecraft:trader_llama":2,"minecraft:zombie":6,"minecraft:villager":1},"minecraft:dropped":{"minecraft:stone_hoe":1,"minecraft:wheat_seeds":2,"minecraft:mossy_cobblestone":4,"minecraft:cobblestone":2,"minecraft:leather_helmet":1,"minecraft:light_weighted_pressure_plate":2,"minecraft:dirt":8,"minecraft:gray_wool":2,"minecraft:torch":23,"minecraft:cornflower":8,"minecraft:rose_bush":1,"minecraft:iron_axe":1,"minecraft:sand":2,"minecraft:iron_pickaxe":1,"minecraft:pink_petals":1,"minecraft:raw_iron":1,"minecraft:rotten_flesh":16,"minecraft:oak_planks":24,"minecraft:oak_sapling":2,"minecraft:chest":1},"minecraft:crafted":{"minecraft:smooth_stone":3,"minecraft:oak_planks":136,"minecraft:cobblestone_slab":120,"minecraft:furnace":1,"minecraft:stone":18,"minecraft:cooked_mutton":7,"minecraft:glass":110,"minecraft:stone_pickaxe":2,"minecraft:chest":6,"minecraft:stone_bricks":12,"minecraft:birch_sign":9,"minecraft:oak_slab":66,"minecraft:crafting_table":4,"minecraft:wooden_pickaxe":1,"minecraft:baked_potato":27,"minecraft:bucket":2,"minecraft:birch_planks":32,"minecraft:stone_axe":1,"minecraft:air":0,"minecraft:oak_boat":1,"minecraft:shield":1,"minecraft:stick":32,"minecraft:birch_trapdoor":2,"minecraft:iron_ingot":6,"minecraft:iron_pickaxe":1,"minecraft:wooden_axe":1,"minecraft:iron_shovel":2,"minecraft:torch":52},"minecraft:used":{"minecraft:rose_bush":1,"minecraft:iron_shovel":470,"minecraft:poppy":1,"minecraft:chest":9,"minecraft:shield":4,"minecraft:bell":1,"minecraft:rotten_flesh":1,"minecraft:torch":42,"minecraft:dirt":347,"minecraft:hopper":10,"minecraft:carrot":1,"minecraft:golden_chestplate":2,"minecraft:glass":108,"minecraft:wooden_axe":23,"minecraft:lava_bucket":1,"minecraft:stone_bricks":12,"minecraft:golden_sword":13,"minecraft:oak_sapling":1,"minecraft:furnace":4,"minecraft:cooked_beef":2,"minecraft:potato":11,"minecraft:cooked_mutton":6,"minecraft:water_bucket":54,"minecraft:birch_planks":3,"minecraft:stone_pickaxe":265,"minecraft:baked_potato":9,"minecraft:oak_planks":13,"minecraft:wooden_pickaxe":52,"minecraft:cobblestone_slab":125,"minecraft:oak_slab":64,"minecraft:crafting_table":9,"minecraft:birch_sign":9,"minecraft:white_bed":4,"minecraft:apple":6,"minecraft:melon_slice":30,"minecraft:iron_pickaxe":54,"minecraft:gravel":15,"minecraft:stone_axe":94,"minecraft:cobblestone":51,"minecraft:cooked_porkchop":1,"minecraft:bucket":56,"minecraft:andesite":12,"minecraft:yellow_bed":2,"minecraft:oak_boat":1,"minecraft:dandelion":1}},"DataVersion":3465}