{"stats":{"minecraft:killed_by":{"minecraft:skeleton":2,"hmag:zombie_girl":2},"minecraft:mined":{"minecraft:oak_fence":1,"minecraft:crafting_table":2,"minecraft:torch":5,"minecraft:granite":1,"minecraft:grass_block":2,"minecraft:rose_bush":4,"minecraft:tall_grass":2,"minecraft:copper_ore":4,"minecraft:oak_planks":2,"minecraft:wall_torch":2,"minecraft:pink_petals":2,"minecraft:furnace":1,"minecraft:iron_ore":7,"minecraft:andesite":18,"minecraft:grass":2,"minecraft:oak_log":16,"minecraft:coal_ore":25,"minecraft:gravel":10,"minecraft:dripstone_block":1,"minecraft:dirt":3,"minecraft:stone":132,"minecraft:oak_leaves":7},"minecraft:picked_up":{"minecraft:pink_petals":1,"minecraft:crafting_table":2,"minecraft:andesite":17,"minecraft:wooden_pickaxe":2,"minecraft:flint":1,"minecraft:oak_log":16,"minecraft:dirt":9,"minecraft:raw_copper":13,"minecraft:iron_axe":1,"minecraft:apple":6,"minecraft:rose_bush":2,"minecraft:iron_pickaxe":1,"minecraft:oak_planks":70,"minecraft:stone_hoe":1,"minecraft:furnace":1,"minecraft:stick":18,"minecraft:raw_iron":7,"minecraft:cooked_porkchop":1,"minecraft:oak_fence":1,"minecraft:torch":32,"minecraft:gravel":23,"minecraft:carrot":1,"minecraft:rotten_flesh":20,"minecraft:stone_axe":1,"minecraft:oak_sapling":1,"minecraft:mutton":2,"minecraft:coal":36,"minecraft:white_wool":2,"minecraft:cobblestone":153},"minecraft:used":{"minecraft:cooked_mutton":1,"minecraft:rose_bush":1,"minecraft:stone_pickaxe":152,"minecraft:oak_planks":13,"minecraft:wooden_pickaxe":52,"minecraft:rotten_flesh":1,"minecraft:torch":36,"minecraft:dirt":1,"minecraft:crafting_table":4,"minecraft:carrot":1,"minecraft:apple":6,"minecraft:gravel":15,"minecraft:stone_axe":34,"minecraft:cobblestone":10,"minecraft:furnace":1,"minecraft:oak_sapling":1,"minecraft:cooked_porkchop":1},"minecraft:broken":{"minecraft:stone_pickaxe":1,"minecraft:wooden_pickaxe":1},"minecraft:custom":{"minecraft:interact_with_furnace":12,"minecraft:mob_kills":6,"minecraft:interact_with_crafting_table":8,"minecraft:time_since_death":21942,"minecraft:climb_one_cm":1981,"minecraft:time_since_rest":21973,"minecraft:sprint_one_cm":91934,"minecraft:damage_taken":1550,"minecraft:walk_one_cm":87162,"minecraft:drop":13,"minecraft:damage_dealt":850,"minecraft:fly_one_cm":148967,"minecraft:open_chest":9,"minecraft:crouch_one_cm":26077,"minecraft:play_time":65136,"minecraft:deaths":4,"minecraft:sneak_time":13390,"minecraft:jump":769,"minecraft:walk_on_water_one_cm":355,"minecraft:total_world_time":65136,"minecraft:fall_one_cm":22947,"minecraft:horse_one_cm":25},"minecraft:killed":{"minecraft:sheep":1,"hmag:zombie_girl":2,"minecraft:zombie":2},"minecraft:crafted":{"minecraft:oak_planks":64,"minecraft:crafting_table":3,"minecraft:wooden_pickaxe":1,"minecraft:furnace":1,"minecraft:stone_axe":1,"minecraft:cooked_mutton":1,"minecraft:air":0,"minecraft:shield":1,"minecraft:stick":20,"minecraft:iron_ingot":5,"minecraft:stone_pickaxe":2,"minecraft:torch":48},"minecraft:dropped":{"minecraft:stone_hoe":1,"minecraft:raw_iron":1,"minecraft:rotten_flesh":14,"minecraft:oak_planks":24,"minecraft:dirt":8,"minecraft:torch":23,"minecraft:rose_bush":1,"minecraft:iron_axe":1,"minecraft:iron_pickaxe":1,"minecraft:pink_petals":1}},"DataVersion":3465}