{"stats":{"minecraft:killed_by":{"minecraft:skeleton":2,"minecraft:spider":1,"hmag:zombie_girl":2},"minecraft:mined":{"minecraft:dark_oak_planks":1,"minecraft:mossy_cobblestone":13,"minecraft:oak_fence":1,"minecraft:crafting_table":2,"minecraft:torch":5,"minecraft:granite":1,"minecraft:grass_block":3,"minecraft:melon":7,"minecraft:rose_bush":4,"minecraft:tall_grass":2,"minecraft:copper_ore":4,"minecraft:oak_planks":4,"minecraft:wall_torch":2,"minecraft:pink_petals":2,"minecraft:furnace":1,"minecraft:birch_log":8,"minecraft:iron_ore":13,"minecraft:birch_leaves":1,"minecraft:andesite":18,"minecraft:dark_oak_stairs":1,"minecraft:grass":5,"minecraft:oak_log":16,"minecraft:coal_ore":25,"minecraft:sand":2,"minecraft:gravel":10,"minecraft:dripstone_block":1,"minecraft:dirt":3,"minecraft:stone":133,"minecraft:oak_leaves":7,"minecraft:fern":1},"minecraft:picked_up":{"minecraft:birch_log":8,"minecraft:pink_petals":1,"minecraft:crafting_table":3,"minecraft:andesite":34,"minecraft:leather":1,"minecraft:lead":13,"minecraft:wooden_pickaxe":2,"minecraft:flint":2,"minecraft:oak_log":16,"minecraft:shield":1,"minecraft:dirt":10,"minecraft:raw_copper":26,"minecraft:iron_axe":1,"minecraft:apple":6,"minecraft:stone_pickaxe":1,"minecraft:iron_ingot":4,"minecraft:rose_bush":2,"minecraft:iron_pickaxe":1,"minecraft:melon_slice":30,"minecraft:oak_planks":96,"minecraft:stone_hoe":1,"minecraft:dark_oak_stairs":1,"minecraft:furnace":2,"minecraft:stick":18,"minecraft:raw_iron":13,"minecraft:cooked_porkchop":1,"minecraft:oak_fence":1,"minecraft:torch":53,"minecraft:gravel":31,"minecraft:sand":1,"minecraft:carrot":1,"minecraft:mossy_cobblestone":4,"minecraft:dark_oak_planks":1,"minecraft:rotten_flesh":20,"minecraft:stone_axe":2,"minecraft:oak_sapling":1,"minecraft:mutton":2,"minecraft:coal":36,"minecraft:white_wool":3,"minecraft:cobblestone":207},"minecraft:used":{"minecraft:cooked_mutton":1,"minecraft:rose_bush":1,"minecraft:stone_pickaxe":172,"minecraft:oak_planks":13,"minecraft:shield":3,"minecraft:wooden_pickaxe":52,"minecraft:rotten_flesh":1,"minecraft:torch":36,"minecraft:dirt":1,"minecraft:crafting_table":4,"minecraft:carrot":1,"minecraft:apple":6,"minecraft:melon_slice":18,"minecraft:gravel":15,"minecraft:stone_bricks":12,"minecraft:stone_axe":68,"minecraft:cobblestone":10,"minecraft:furnace":1,"minecraft:oak_sapling":1,"minecraft:cooked_porkchop":1,"minecraft:andesite":9},"minecraft:broken":{"minecraft:stone_pickaxe":1,"minecraft:wooden_pickaxe":1},"minecraft:custom":{"minecraft:interact_with_furnace":20,"minecraft:mob_kills":10,"minecraft:interact_with_crafting_table":12,"minecraft:time_since_death":34866,"minecraft:climb_one_cm":3108,"minecraft:time_since_rest":34946,"minecraft:sprint_one_cm":169252,"minecraft:damage_taken":1883,"minecraft:walk_one_cm":174653,"minecraft:damage_blocked_by_shield":45,"minecraft:drop":16,"minecraft:damage_dealt":1664,"minecraft:talked_to_villager":1,"minecraft:swim_one_cm":3096,"minecraft:fly_one_cm":263981,"minecraft:open_chest":21,"minecraft:crouch_one_cm":41696,"minecraft:play_time":101136,"minecraft:deaths":5,"minecraft:sneak_time":18480,"minecraft:walk_under_water_one_cm":11717,"minecraft:jump":1513,"minecraft:walk_on_water_one_cm":20592,"minecraft:total_world_time":101136,"minecraft:fall_one_cm":44296,"minecraft:horse_one_cm":25},"minecraft:killed":{"minecraft:sheep":1,"minecraft:trader_llama":2,"hmag:zombie_girl":2,"minecraft:zombie":3},"minecraft:crafted":{"minecraft:oak_planks":64,"minecraft:crafting_table":3,"minecraft:wooden_pickaxe":1,"minecraft:furnace":1,"minecraft:stone":18,"minecraft:stone_axe":1,"minecraft:cooked_mutton":1,"minecraft:air":0,"minecraft:shield":1,"minecraft:stick":20,"minecraft:iron_ingot":6,"minecraft:stone_pickaxe":2,"minecraft:torch":48,"minecraft:stone_bricks":12},"minecraft:dropped":{"minecraft:stone_hoe":1,"minecraft:mossy_cobblestone":4,"minecraft:raw_iron":1,"minecraft:cobblestone":1,"minecraft:rotten_flesh":14,"minecraft:oak_planks":24,"minecraft:leather_helmet":1,"minecraft:dirt":8,"minecraft:torch":23,"minecraft:rose_bush":1,"minecraft:iron_axe":1,"minecraft:iron_pickaxe":1,"minecraft:pink_petals":1}},"DataVersion":3465}