{"stats":{"minecraft:killed_by":{"hmag:zombie_girl":1,"minecraft:skeleton":2},"minecraft:mined":{"minecraft:pink_petals":1,"minecraft:grass":2,"minecraft:oak_log":10,"minecraft:grass_block":2,"minecraft:rose_bush":4,"minecraft:dirt":3,"minecraft:stone":15,"minecraft:oak_leaves":6},"minecraft:picked_up":{"minecraft:pink_petals":1,"minecraft:stick":10,"minecraft:cooked_porkchop":1,"minecraft:torch":23,"minecraft:wooden_pickaxe":1,"minecraft:oak_log":10,"minecraft:carrot":1,"minecraft:dirt":9,"minecraft:iron_axe":1,"minecraft:rotten_flesh":15,"minecraft:rose_bush":2,"minecraft:iron_pickaxe":1,"minecraft:oak_sapling":1,"minecraft:stone_hoe":1,"minecraft:oak_planks":51,"minecraft:cobblestone":28},"minecraft:used":{"minecraft:oak_planks":13,"minecraft:wooden_pickaxe":20,"minecraft:rotten_flesh":1,"minecraft:dirt":1,"minecraft:cobblestone":6,"minecraft:crafting_table":1,"minecraft:oak_sapling":1,"minecraft:cooked_porkchop":1,"minecraft:carrot":1},"minecraft:custom":{"minecraft:time_since_rest":3601,"minecraft:sprint_one_cm":29298,"minecraft:interact_with_furnace":5,"minecraft:damage_taken":950,"minecraft:walk_one_cm":39177,"minecraft:mob_kills":2,"minecraft:drop":10,"minecraft:damage_dealt":82,"minecraft:interact_with_crafting_table":2,"minecraft:fly_one_cm":83772,"minecraft:open_chest":2,"minecraft:crouch_one_cm":13163,"minecraft:play_time":35136,"minecraft:deaths":3,"minecraft:sneak_time":5953,"minecraft:jump":276,"minecraft:time_since_death":3575,"minecraft:climb_one_cm":1607,"minecraft:total_world_time":35136,"minecraft:fall_one_cm":9431,"minecraft:horse_one_cm":25},"minecraft:killed":{"hmag:zombie_girl":1},"minecraft:crafted":{"minecraft:oak_planks":40,"minecraft:crafting_table":1,"minecraft:stick":12,"minecraft:wooden_pickaxe":1},"minecraft:dropped":{"minecraft:stone_hoe":1,"minecraft:dirt":8,"minecraft:torch":23,"minecraft:rose_bush":1,"minecraft:rotten_flesh":9,"minecraft:oak_planks":24,"minecraft:iron_axe":1,"minecraft:iron_pickaxe":1,"minecraft:pink_petals":1}},"DataVersion":3465}