{"stats":{"minecraft:killed_by":{"minecraft:skeleton":1},"minecraft:picked_up":{"minecraft:rotten_flesh":1,"minecraft:cooked_porkchop":1},"minecraft:used":{"minecraft:cooked_porkchop":1},"minecraft:custom":{"minecraft:jump":133,"minecraft:open_chest":2,"minecraft:time_since_rest":581,"minecraft:deaths":1,"minecraft:damage_dealt":15,"minecraft:crouch_one_cm":7331,"minecraft:interact_with_furnace":5,"minecraft:sprint_one_cm":5950,"minecraft:play_time":23172,"minecraft:damage_taken":320,"minecraft:time_since_death":517,"minecraft:walk_one_cm":13496,"minecraft:sneak_time":3095,"minecraft:climb_one_cm":1607,"minecraft:total_world_time":23172,"minecraft:fall_one_cm":5499,"minecraft:fly_one_cm":14206}},"DataVersion":3465}