{"stats":{"minecraft:killed_by":{"minecraft:skeleton":2,"minecraft:spider":1,"hmag:zombie_girl":2},"minecraft:mined":{"minecraft:oak_fence":1,"minecraft:crafting_table":2,"minecraft:torch":5,"minecraft:granite":1,"minecraft:grass_block":2,"minecraft:melon":7,"minecraft:rose_bush":4,"minecraft:tall_grass":2,"minecraft:copper_ore":4,"minecraft:oak_planks":2,"minecraft:wall_torch":2,"minecraft:pink_petals":2,"minecraft:furnace":1,"minecraft:birch_log":8,"minecraft:iron_ore":9,"minecraft:birch_leaves":1,"minecraft:andesite":18,"minecraft:grass":4,"minecraft:oak_log":16,"minecraft:coal_ore":25,"minecraft:gravel":10,"minecraft:dripstone_block":1,"minecraft:dirt":3,"minecraft:stone":133,"minecraft:oak_leaves":7,"minecraft:fern":1},"minecraft:picked_up":{"minecraft:birch_log":8,"minecraft:pink_petals":1,"minecraft:crafting_table":3,"minecraft:andesite":34,"minecraft:wooden_pickaxe":2,"minecraft:flint":2,"minecraft:oak_log":16,"minecraft:shield":1,"minecraft:dirt":9,"minecraft:raw_copper":26,"minecraft:iron_axe":1,"minecraft:apple":6,"minecraft:stone_pickaxe":1,"minecraft:iron_ingot":4,"minecraft:rose_bush":2,"minecraft:iron_pickaxe":1,"minecraft:melon_slice":30,"minecraft:oak_planks":94,"minecraft:stone_hoe":1,"minecraft:furnace":2,"minecraft:stick":18,"minecraft:raw_iron":9,"minecraft:cooked_porkchop":1,"minecraft:oak_fence":1,"minecraft:torch":53,"minecraft:gravel":31,"minecraft:carrot":1,"minecraft:rotten_flesh":20,"minecraft:stone_axe":2,"minecraft:oak_sapling":1,"minecraft:mutton":2,"minecraft:coal":36,"minecraft:white_wool":3,"minecraft:cobblestone":207},"minecraft:used":{"minecraft:cooked_mutton":1,"minecraft:rose_bush":1,"minecraft:stone_pickaxe":155,"minecraft:oak_planks":13,"minecraft:wooden_pickaxe":52,"minecraft:rotten_flesh":1,"minecraft:torch":36,"minecraft:dirt":1,"minecraft:crafting_table":4,"minecraft:carrot":1,"minecraft:apple":6,"minecraft:melon_slice":7,"minecraft:gravel":15,"minecraft:stone_bricks":12,"minecraft:stone_axe":51,"minecraft:cobblestone":10,"minecraft:furnace":1,"minecraft:oak_sapling":1,"minecraft:cooked_porkchop":1,"minecraft:andesite":4},"minecraft:broken":{"minecraft:stone_pickaxe":1,"minecraft:wooden_pickaxe":1},"minecraft:custom":{"minecraft:interact_with_furnace":19,"minecraft:mob_kills":6,"minecraft:interact_with_crafting_table":11,"minecraft:time_since_death":10866,"minecraft:climb_one_cm":2920,"minecraft:time_since_rest":10946,"minecraft:sprint_one_cm":131579,"minecraft:damage_taken":1680,"minecraft:walk_one_cm":106550,"minecraft:drop":13,"minecraft:damage_dealt":850,"minecraft:swim_one_cm":374,"minecraft:fly_one_cm":217212,"minecraft:open_chest":16,"minecraft:crouch_one_cm":30098,"minecraft:play_time":77136,"minecraft:deaths":5,"minecraft:sneak_time":14785,"minecraft:walk_under_water_one_cm":375,"minecraft:jump":1149,"minecraft:walk_on_water_one_cm":4024,"minecraft:total_world_time":77136,"minecraft:fall_one_cm":35798,"minecraft:horse_one_cm":25},"minecraft:killed":{"minecraft:sheep":1,"hmag:zombie_girl":2,"minecraft:zombie":2},"minecraft:crafted":{"minecraft:oak_planks":64,"minecraft:crafting_table":3,"minecraft:wooden_pickaxe":1,"minecraft:furnace":1,"minecraft:stone":18,"minecraft:stone_axe":1,"minecraft:cooked_mutton":1,"minecraft:air":0,"minecraft:shield":1,"minecraft:stick":20,"minecraft:iron_ingot":5,"minecraft:stone_pickaxe":2,"minecraft:torch":48,"minecraft:stone_bricks":12},"minecraft:dropped":{"minecraft:stone_hoe":1,"minecraft:raw_iron":1,"minecraft:rotten_flesh":14,"minecraft:oak_planks":24,"minecraft:dirt":8,"minecraft:torch":23,"minecraft:rose_bush":1,"minecraft:iron_axe":1,"minecraft:iron_pickaxe":1,"minecraft:pink_petals":1}},"DataVersion":3465}