{"stats":{"minecraft:picked_up":{"minecraft:birch_log":5,"minecraft:crafting_table":3,"minecraft:leather":2,"minecraft:torch":1,"minecraft:porkchop":4,"minecraft:white_bed":1,"minecraft:dirt":8,"minecraft:stone_pickaxe":1,"minecraft:beef":5,"minecraft:mutton":6,"minecraft:birch_sapling":2,"minecraft:white_wool":6,"minecraft:cobblestone":25},"minecraft:used":{"minecraft:wooden_axe":21,"minecraft:stone_pickaxe":25,"minecraft:cooked_salmon":1,"minecraft:white_wool":1,"minecraft:torch":1,"minecraft:dirt":3,"minecraft:crafting_table":3,"minecraft:furnace":1,"minecraft:white_bed":1,"minecraft:cooked_beef":2},"minecraft:killed":{"minecraft:sheep":5,"minecraft:pig":3,"minecraft:cow":3},"minecraft:broken":{"minecraft:stone_pickaxe":1},"minecraft:custom":{"minecraft:time_since_rest":8299,"minecraft:interact_with_furnace":9,"minecraft:sprint_one_cm":22532,"minecraft:damage_taken":190,"minecraft:walk_one_cm":33436,"minecraft:mob_kills":11,"minecraft:damage_dealt":1000,"minecraft:interact_with_crafting_table":7,"minecraft:fly_one_cm":49507,"minecraft:open_chest":6,"minecraft:crouch_one_cm":961,"minecraft:play_time":29553,"minecraft:sneak_time":610,"minecraft:jump":265,"minecraft:leave_game":1,"minecraft:time_since_death":29553,"minecraft:sleep_in_bed":1,"minecraft:climb_one_cm":830,"minecraft:total_world_time":29553,"minecraft:fall_one_cm":12986},"minecraft:crafted":{"minecraft:cooked_porkchop":3,"minecraft:crafting_table":1,"minecraft:stick":4,"minecraft:stone_pickaxe":1,"minecraft:wooden_axe":1,"minecraft:furnace":1,"minecraft:white_bed":1,"minecraft:cooked_salmon":1,"minecraft:birch_planks":20,"minecraft:air":0,"minecraft:cooked_beef":5},"minecraft:mined":{"minecraft:white_bed":1,"minecraft:birch_log":5,"minecraft:birch_leaves":1,"minecraft:crafting_table":3,"minecraft:torch":1,"minecraft:grass":5,"minecraft:grass_block":2,"minecraft:dirt":6,"minecraft:tall_grass":8,"minecraft:stone":25,"minecraft:white_wool":1,"minecraft:oak_leaves":1}},"DataVersion":3465}