{"stats":{"minecraft:picked_up":{"minecraft:birch_log":5,"minecraft:crafting_table":4,"minecraft:cooked_porkchop":4,"minecraft:andesite":8,"minecraft:leather":4,"minecraft:torch":1,"minecraft:porkchop":10,"minecraft:oak_log":5,"minecraft:white_bed":3,"minecraft:dirt":9,"minecraft:cooked_mutton":1,"minecraft:stone_sword":3,"minecraft:bow":1,"minecraft:beef":5,"minecraft:stone_pickaxe":2,"minecraft:birch_sapling":4,"minecraft:chest":1,"minecraft:mutton":16,"minecraft:oak_planks":10,"minecraft:coal":34,"minecraft:white_wool":8,"minecraft:cobblestone":29,"minecraft:furnace":2},"minecraft:used":{"minecraft:wooden_axe":30,"minecraft:stone_sword":2,"minecraft:stone_pickaxe":49,"minecraft:chest":1,"minecraft:cooked_salmon":1,"minecraft:torch":1,"minecraft:white_wool":1,"minecraft:dirt":7,"minecraft:cobblestone":8,"minecraft:crafting_table":4,"minecraft:furnace":1,"minecraft:white_bed":3,"minecraft:cooked_beef":3},"minecraft:killed":{"minecraft:sheep":5,"minecraft:skeleton":1,"minecraft:pig":4,"minecraft:cow":3},"minecraft:broken":{"minecraft:stone_pickaxe":1},"minecraft:custom":{"minecraft:interact_with_furnace":11,"minecraft:sprint_one_cm":33325,"minecraft:damage_taken":390,"minecraft:walk_one_cm":42907,"minecraft:mob_kills":13,"minecraft:damage_dealt":1180,"minecraft:interact_with_crafting_table":9,"minecraft:fly_one_cm":76563,"minecraft:open_chest":22,"minecraft:play_time":40969,"minecraft:crouch_one_cm":2055,"minecraft:sneak_time":1383,"minecraft:jump":398,"minecraft:leave_game":3,"minecraft:time_since_death":40969,"minecraft:walk_on_water_one_cm":331,"minecraft:total_world_time":40969,"minecraft:sleep_in_bed":2,"minecraft:fall_one_cm":17864,"minecraft:climb_one_cm":830,"minecraft:time_since_rest":4562},"minecraft:crafted":{"minecraft:cooked_beef":5,"minecraft:oak_planks":20,"minecraft:cooked_porkchop":4,"minecraft:crafting_table":1,"minecraft:stick":8,"minecraft:stone_pickaxe":1,"minecraft:wooden_axe":1,"minecraft:stone_sword":4,"minecraft:chest":1,"minecraft:furnace":1,"minecraft:white_bed":1,"minecraft:cooked_salmon":1,"minecraft:birch_planks":20,"minecraft:air":0,"minecraft:cooked_mutton":1},"minecraft:mined":{"minecraft:white_bed":2,"minecraft:furnace":1,"minecraft:birch_log":5,"minecraft:birch_leaves":1,"minecraft:andesite":4,"minecraft:crafting_table":4,"minecraft:torch":1,"minecraft:grass":5,"minecraft:grass_block":2,"minecraft:coal_ore":17,"minecraft:oak_log":5,"minecraft:chest":1,"minecraft:dirt":6,"minecraft:tall_grass":8,"minecraft:cobblestone":2,"minecraft:stone":25,"minecraft:white_wool":1,"minecraft:oak_leaves":5}},"DataVersion":3465}