{"stats":{"minecraft:picked_up":{"minecraft:birch_log":5,"minecraft:crafting_table":2,"minecraft:leather":2,"minecraft:torch":1,"minecraft:stone_pickaxe":1,"minecraft:beef":5,"minecraft:birch_sapling":2,"minecraft:mutton":4,"minecraft:white_wool":4,"minecraft:cobblestone":25},"minecraft:used":{"minecraft:wooden_axe":13,"minecraft:stone_pickaxe":25,"minecraft:cooked_salmon":1,"minecraft:torch":1,"minecraft:crafting_table":2},"minecraft:killed":{"minecraft:sheep":4,"minecraft:cow":3},"minecraft:broken":{"minecraft:stone_pickaxe":1},"minecraft:custom":{"minecraft:time_since_rest":19264,"minecraft:sprint_one_cm":11746,"minecraft:interact_with_furnace":5,"minecraft:damage_taken":180,"minecraft:walk_one_cm":25726,"minecraft:mob_kills":7,"minecraft:damage_dealt":620,"minecraft:interact_with_crafting_table":6,"minecraft:fly_one_cm":26590,"minecraft:open_chest":6,"minecraft:crouch_one_cm":961,"minecraft:play_time":19264,"minecraft:sneak_time":563,"minecraft:jump":148,"minecraft:time_since_death":19264,"minecraft:total_world_time":19264,"minecraft:climb_one_cm":830,"minecraft:fall_one_cm":6271},"minecraft:crafted":{"minecraft:crafting_table":1,"minecraft:stick":4,"minecraft:stone_pickaxe":1,"minecraft:wooden_axe":1,"minecraft:white_bed":1,"minecraft:cooked_salmon":1,"minecraft:birch_planks":20,"minecraft:air":0},"minecraft:mined":{"minecraft:birch_log":5,"minecraft:birch_leaves":1,"minecraft:crafting_table":2,"minecraft:torch":1,"minecraft:grass":4,"minecraft:tall_grass":6,"minecraft:stone":25,"minecraft:oak_leaves":1}},"DataVersion":3465}