{"stats":{"minecraft:picked_up":{"minecraft:torch":1},"minecraft:used":{"minecraft:torch":1},"minecraft:custom":{"minecraft:jump":49,"minecraft:open_chest":2,"minecraft:time_since_rest":7264,"minecraft:crouch_one_cm":264,"minecraft:sprint_one_cm":2397,"minecraft:play_time":7264,"minecraft:damage_taken":10,"minecraft:time_since_death":7264,"minecraft:walk_one_cm":8674,"minecraft:sneak_time":250,"minecraft:total_world_time":7264,"minecraft:fall_one_cm":1521,"minecraft:fly_one_cm":9466},"minecraft:mined":{"minecraft:tall_grass":6,"minecraft:grass":3,"minecraft:torch":1}},"DataVersion":3465}