{"stats":{"minecraft:killed":{"hmag:imp":1,"hmag:wither_ghost":1,"minecraft:creeper":1},"minecraft:custom":{"minecraft:time_since_rest":26609,"minecraft:sprint_one_cm":28053,"minecraft:damage_taken":179,"minecraft:walk_one_cm":44864,"minecraft:damage_blocked_by_shield":510,"minecraft:mob_kills":3,"minecraft:damage_dealt":614,"minecraft:interact_with_crafting_table":2,"minecraft:fly_one_cm":63177,"minecraft:open_chest":5,"minecraft:crouch_one_cm":288,"minecraft:play_time":26609,"minecraft:sneak_time":150,"minecraft:jump":340,"minecraft:leave_game":2,"minecraft:time_since_death":26609,"minecraft:walk_on_water_one_cm":119,"minecraft:total_world_time":26609,"minecraft:climb_one_cm":32,"minecraft:fall_one_cm":8281},"minecraft:mined":{"minecraft:weeping_vines_plant":1,"minecraft:iron_ore":4,"minecraft:grass":1,"minecraft:coal_ore":2,"minecraft:oak_log":5,"minecraft:nether_quartz_ore":1,"minecraft:stone":4,"minecraft:netherrack":14},"minecraft:picked_up":{"minecraft:raw_iron":6,"hmag:copper_nugget":1,"minecraft:quartz":1,"minecraft:oak_log":5,"minecraft:white_bed":1,"minecraft:shield":1,"minecraft:arrow":1,"minecraft:iron_ingot":18,"minecraft:terracotta":4,"minecraft:iron_pickaxe":1,"minecraft:netherrack":9,"minecraft:coal":3,"minecraft:cobblestone":4},"minecraft:used":{"minecraft:iron_pickaxe":25,"minecraft:iron_helmet":1,"minecraft:shield":6,"minecraft:iron_sword":16,"minecraft:netherrack":7,"minecraft:iron_chestplate":1,"minecraft:torch":3,"minecraft:crafting_table":1,"minecraft:white_bed":1,"minecraft:iron_leggings":1},"minecraft:crafted":{"minecraft:oak_planks":20,"minecraft:iron_chestplate":1,"minecraft:iron_axe":1,"minecraft:crafting_table":1,"minecraft:stick":8,"minecraft:iron_pickaxe":1,"minecraft:iron_sword":1,"minecraft:torch":8}},"DataVersion":3465}