{"stats":{"minecraft:crafted":{"minecraft:iron_sword":1,"minecraft:oak_planks":20,"minecraft:iron_chestplate":1,"minecraft:iron_axe":1,"minecraft:crafting_table":1,"minecraft:stick":8,"minecraft:iron_pickaxe":1},"minecraft:used":{"minecraft:netherrack":7,"minecraft:iron_chestplate":1,"minecraft:crafting_table":1,"minecraft:iron_pickaxe":15,"minecraft:iron_helmet":1,"minecraft:iron_sword":12,"minecraft:iron_leggings":1},"minecraft:killed":{"hmag:imp":1,"hmag:wither_ghost":1},"minecraft:mined":{"minecraft:grass":1,"minecraft:weeping_vines_plant":1,"minecraft:oak_log":5,"minecraft:nether_quartz_ore":1,"minecraft:netherrack":14},"minecraft:custom":{"minecraft:time_since_rest":19107,"minecraft:open_chest":4,"minecraft:crouch_one_cm":288,"minecraft:play_time":19107,"minecraft:sprint_one_cm":18426,"minecraft:damage_taken":30,"minecraft:walk_one_cm":20118,"minecraft:sneak_time":150,"minecraft:mob_kills":2,"minecraft:jump":225,"minecraft:damage_dealt":414,"minecraft:leave_game":1,"minecraft:time_since_death":19107,"minecraft:total_world_time":19107,"minecraft:fly_one_cm":44812,"minecraft:interact_with_crafting_table":2,"minecraft:fall_one_cm":5518},"minecraft:picked_up":{"hmag:copper_nugget":1,"minecraft:quartz":1,"minecraft:iron_ingot":18,"minecraft:oak_log":5,"minecraft:iron_pickaxe":1,"minecraft:shield":1,"minecraft:netherrack":9,"minecraft:coal":1}},"DataVersion":3465}