{
  "minecraft:recipes/decorations/crafting_table": {
    "criteria": {
      "unlock_right_away": "2024-08-26 00:28:09 +0000"
    },
    "done": true
  },
  "minecraft:adventure/root": {
    "criteria": {
      "killed_by_something": "2024-08-26 00:46:59 +0000"
    },
    "done": true
  },
  "minecraft:adventure/adventuring_time": {
    "criteria": {
      "minecraft:cherry_grove": "2024-08-26 00:33:12 +0000",
      "minecraft:forest": "2024-08-26 00:37:41 +0000",
      "minecraft:meadow": "2024-08-26 00:28:10 +0000",
      "minecraft:plains": "2024-08-26 00:30:59 +0000"
    },
    "done": false
  },
  "minecraft:husbandry/balanced_diet": {
    "criteria": {
      "cooked_porkchop": "2024-08-26 00:42:37 +0000"
    },
    "done": false
  },
  "minecraft:husbandry/root": {
    "criteria": {
      "consumed_item": "2024-08-26 00:42:37 +0000"
    },
    "done": true
  },
  "DataVersion": 3465
}