{
  "minecraft:recipes/decorations/crafting_table": {
    "criteria": {
      "unlock_right_away": "2024-08-11 00:17:46 +0000"
    },
    "done": true
  },
  "minecraft:adventure/adventuring_time": {
    "criteria": {
      "minecraft:snowy_slopes": "2024-08-11 00:19:45 +0000",
      "minecraft:cherry_grove": "2024-08-11 00:21:18 +0000",
      "minecraft:forest": "2024-08-11 00:20:23 +0000",
      "minecraft:meadow": "2024-08-11 00:19:07 +0000",
      "minecraft:plains": "2024-08-11 00:17:47 +0000"
    },
    "done": false
  },
  "DataVersion": 3465
}